model,frame,layer,pair,dims,d_mean,d_disp,d_bhattacharyya,rho,error_upper,error_lower,log_trace_ratio,n_a,n_b,rho_lo,rho_hi,rho_se,d_bhattacharyya_lo,d_bhattacharyya_hi,d_bhattacharyya_se,draws_used,err_logistic,err_lda,err_qda,err_best,best_detector,below_floor,above_ceiling,log_trace_R_over_B
Qwen2.5-3B-Instruct,pns,2,Jailbreak_vs_Benign,9,0.07986216843843147,0.1842631188807431,0.26412528731917456,0.6976352804041653,0.3839386641689403,0.1797015420640154,-0.11311953903786948,500,500,0.653234862814833,0.7804293155588888,0.0335484925103624,0.2239976288606425,0.3747520089143267,0.037738381863361106,600,0.33899999999999986,0.34099999999999997,0.31699999999999995,0.31699999999999995,err_qda,False,False,-0.6257071513142611
Qwen2.5-3B-Instruct,pns,2,Jailbreak_vs_Refusal,9,0.050676657732102975,0.14050993454410765,0.19118659227621063,0.7349361316148701,0.4129892262859102,0.21814915474356789,0.5125876122763917,500,500,0.6581714139355848,0.8379939080664232,0.04701251518461166,0.16977336172191487,0.30826680536948114,0.035688541671977464,600,0.3760000000000001,0.385,0.3470000000000001,0.3470000000000001,err_qda,False,False,-0.6257071513142611
Qwen2.5-3B-Instruct,pns,4,Jailbreak_vs_Benign,9,0.10837284740099808,0.16847524300411187,0.27684809040510994,0.6085476073090597,0.37908483080457184,0.1739713339998013,0.11526521736788782,500,500,0.5649326272903585,0.7008680045891682,0.03584698234059468,0.245611251325152,0.36940847961844053,0.031974295859045904,600,0.32099999999999995,0.32200000000000006,0.30699999999999983,0.30699999999999983,err_qda,False,False,-0.4990324959119186
Qwen2.5-3B-Instruct,pns,4,Jailbreak_vs_Refusal,9,0.0213154026392314,0.15863236193294128,0.17994776457217268,0.8815467216838789,0.4176569216238352,0.22511330366912702,0.6142977132798065,500,500,0.7980298035696479,0.9360772879039403,0.03435894683351266,0.15000456020243416,0.2843354453958932,0.03531043627242602,600,0.41900000000000004,0.42400000000000004,0.348,0.348,err_qda,False,False,-0.4990324959119186
Qwen2.5-3B-Instruct,pns,6,Jailbreak_vs_Benign,9,0.09467614144794406,0.15366517078798125,0.24834131223592532,0.6187660418013684,0.3900468211647194,0.18716861202990293,0.07606382576708895,500,500,0.5758627846343963,0.7163659898071459,0.03650193429607847,0.21972209081689642,0.3488621137350168,0.03278905508959442,600,0.33000000000000007,0.33399999999999996,0.31799999999999995,0.31799999999999995,err_qda,False,False,-0.4423185923700841
Qwen2.5-3B-Instruct,pns,6,Jailbreak_vs_Refusal,9,0.037020107296514886,0.13365951200582593,0.17067961930234082,0.7831017701595777,0.4215458202475758,0.23111504052513737,0.5183824181371731,500,500,0.7010241283739377,0.8732816414460808,0.04336010719290454,0.14948267045891442,0.258739384506353,0.028585018419424048,600,0.37,0.374,0.3450000000000001,0.3450000000000001,err_qda,False,False,-0.4423185923700841
Qwen2.5-3B-Instruct,pns,8,Jailbreak_vs_Benign,9,0.09795858459027093,0.14791354755874409,0.24587213214901502,0.6015872814292696,0.3910111070162879,0.18837472151653506,0.05762566361082378,500,500,0.5564078076884845,0.7032659935071438,0.03802113882045754,0.22964445230409303,0.3413002429232817,0.029592906592727217,600,0.33699999999999997,0.3350000000000001,0.31299999999999994,0.31299999999999994,err_qda,False,False,-0.3802112811580624
Qwen2.5-3B-Instruct,pns,8,Jailbreak_vs_Refusal,9,0.04322889988134605,0.12409357442922087,0.1673224743105669,0.7416431949176835,0.42296338884710255,0.23335047028923017,0.437836944768886,500,500,0.6659351688976907,0.8418165523472483,0.04490676421815086,0.14509625760090922,0.2566761591718519,0.02889904544189701,600,0.3790000000000001,0.382,0.363,0.363,err_qda,False,False,-0.3802112811580624
Qwen2.5-3B-Instruct,pns,10,Jailbreak_vs_Benign,9,0.11325041103028918,0.17127684509567942,0.28452725612596863,0.6019699041410995,0.3761849242485792,0.17062953567739148,0.17080929729094546,500,500,0.5461242320747572,0.6956754558664044,0.03864116085384653,0.25144641319551037,0.39502652894494483,0.036975427082192446,600,0.30700000000000005,0.31100000000000005,0.30999999999999994,0.30700000000000005,err_logistic,False,False,-0.36250277340709885
Qwen2.5-3B-Instruct,pns,10,Jailbreak_vs_Refusal,9,0.027832951710186998,0.15938463477773546,0.18721758648792244,0.8513336688485592,0.4146316401344964,0.22057093386804322,0.5333120706980442,500,500,0.779022339872622,0.9158008452744469,0.03439843482598095,0.16583867722448814,0.28858988187511,0.03130831098292095,600,0.4,0.40900000000000003,0.35,0.35,err_qda,False,False,-0.36250277340709885
Qwen2.5-3B-Instruct,pns,12,Jailbreak_vs_Benign,9,0.14170099500232203,0.17593119397166745,0.3176321889739895,0.5538833911637157,0.3639352289828094,0.15714266945968602,0.21101708318209852,500,500,0.5093549858871145,0.6464542529711951,0.035632573743911725,0.2824835555783309,0.4294957806094302,0.03853843399993936,600,0.30499999999999994,0.31200000000000006,0.275,0.275,err_qda,False,False,-0.32849900212764427
Qwen2.5-3B-Instruct,pns,12,Jailbreak_vs_Refusal,9,0.03688229084453722,0.14845544101920538,0.1853377318637426,0.8009995564656391,0.41541182042354297,0.2217321084774636,0.5395160853097427,500,500,0.7319813603402923,0.8858960502652837,0.03760068051599772,0.16786922069809473,0.2815465663306124,0.028727419120843978,600,0.406,0.41200000000000014,0.34299999999999997,0.34299999999999997,err_qda,False,False,-0.32849900212764427
Qwen2.5-3B-Instruct,pns,14,Jailbreak_vs_Benign,9,0.14157139693679474,0.16171389040960982,0.3032852873464046,0.5332071721135104,0.3691942067241185,0.1628121625542392,0.11980940944280183,500,500,0.4934308129591892,0.634735885247979,0.03559036701831775,0.26851934118638016,0.4227361186191052,0.03930537030238086,600,0.30199999999999994,0.30099999999999993,0.30199999999999994,0.30099999999999993,err_lda,False,False,-0.3478722465000587
Qwen2.5-3B-Instruct,pns,14,Jailbreak_vs_Refusal,9,0.04663857489575572,0.14672557360403005,0.19336414849978578,0.7588044357881192,0.4120908974616738,0.21683733962749924,0.4676816559428605,500,500,0.6921111231148478,0.8450662920265571,0.039894275058770946,0.1787132648994028,0.2817573828751129,0.02668336594951803,600,0.383,0.387,0.35599999999999987,0.35599999999999987,err_qda,False,False,-0.3478722465000587
Qwen2.5-3B-Instruct,pns,16,Jailbreak_vs_Benign,9,0.12808751789799952,0.14906843651245616,0.2771559544104557,0.5378503840177015,0.37896814219322783,0.17383570519964409,0.020267677959648338,500,500,0.5079804154831844,0.6320531487979512,0.032789268514108814,0.24533977194325912,0.38460465707544245,0.036009180142822096,600,0.30499999999999994,0.30600000000000005,0.29900000000000004,0.29900000000000004,err_qda,False,False,-0.4599919860854852
Qwen2.5-3B-Instruct,pns,16,Jailbreak_vs_Refusal,9,0.03583163198358977,0.1347985464696233,0.17063017845321307,0.7900041346237305,0.4215666623460964,0.23114771862903533,0.4802596640451334,500,500,0.7137875938507404,0.8777329495369929,0.041760117417366543,0.15739999109297903,0.2573841873373353,0.024905651092916738,600,0.383,0.377,0.359,0.359,err_qda,False,False,-0.4599919860854852
Qwen2.5-3B-Instruct,pns,18,Jailbreak_vs_Benign,9,0.1402458119206027,0.14108667232465066,0.28133248424525337,0.5014944246596759,0.3773886710909559,0.1720094651789441,-0.004529599012346481,500,500,0.4628609925396851,0.6041340700549613,0.03556854858610724,0.25471625158337496,0.38188324069240465,0.032998645875805255,600,0.2889999999999999,0.29100000000000004,0.2929999999999999,0.2889999999999999,err_logistic,False,False,-0.4625059713561655
Qwen2.5-3B-Instruct,pns,18,Jailbreak_vs_Refusal,9,0.03853118241067816,0.14239932746093054,0.1809305098716087,0.7870387783794976,0.41724667286536976,0.2244909911041399,0.45797637234381894,500,500,0.7042624358672736,0.8643603481761337,0.041809795060837436,0.16754272164447748,0.263694111335693,0.024317338133537102,600,0.389,0.389,0.348,0.348,err_qda,False,False,-0.4625059713561655
Qwen2.5-3B-Instruct,pns,20,Jailbreak_vs_Benign,9,0.19055820761042389,0.21162576824410095,0.4021839758545248,0.5261914470720951,0.3344288403534188,0.1283047609400041,-0.11132214486269239,500,500,0.48119170022936447,0.6096147444329598,0.03231617097038197,0.3644512595870494,0.5132565584618582,0.039668808250101356,600,0.27100000000000013,0.2769999999999999,0.24,0.24,err_qda,False,False,-0.5849564656432491
Qwen2.5-3B-Instruct,pns,20,Jailbreak_vs_Refusal,9,0.13684743124251922,0.14210429055494878,0.27895172179746797,0.509422525300357,0.3782882142416992,0.17304736280949456,0.4736343207805567,500,500,0.4514754885426405,0.6310125631672452,0.04573968588575514,0.26151906708751393,0.36823094163080466,0.027840326292526155,600,0.29600000000000004,0.29600000000000004,0.274,0.274,err_qda,False,False,-0.5849564656432491
Qwen2.5-3B-Instruct,pns,22,Jailbreak_vs_Benign,9,0.15108773061818387,0.21493586911258866,0.36602359973077253,0.587218609047843,0.346743217461739,0.13976515834211545,-0.1776688383497473,500,500,0.5401822829828381,0.6661379573272639,0.03341776439276491,0.33198884025223097,0.48387624075664304,0.03850246582392408,600,0.30599999999999994,0.30699999999999983,0.256,0.256,err_qda,False,False,-0.8233013719739337
Qwen2.5-3B-Instruct,pns,22,Jailbreak_vs_Refusal,9,0.20853495739777259,0.14239467622643254,0.35092963362420515,0.40576418342292697,0.35201664619195056,0.14491651572655329,0.6456325336241864,500,500,0.36616432439651597,0.5061047033735732,0.03641166684481652,0.32469437297982934,0.4516884956057305,0.03205629275412728,600,0.262,0.267,0.21599999999999997,0.21599999999999997,err_qda,False,False,-0.8233013719739337
Qwen2.5-3B-Instruct,pns,24,Jailbreak_vs_Benign,9,0.04864125767124654,0.33667629377131547,0.385317551442562,0.8737631922315967,0.3401172962138953,0.13350276288060586,0.7062398528548941,500,500,0.8323800286770315,0.9148099466321564,0.022346940213324423,0.3390465639904551,0.49721264911269747,0.040214728004140755,600,0.382,0.3779999999999999,0.277,0.277,err_qda,False,False,1.2945788451667994
Qwen2.5-3B-Instruct,pns,24,Jailbreak_vs_Refusal,9,0.09641292137438154,0.22262612070347565,0.31903904207785716,0.6978021224410107,0.36342358556426246,0.15660038227217665,-0.5883389923119052,500,500,0.6403454381938465,0.7819644379009838,0.036964732140111214,0.2930598844150055,0.4192584082107183,0.032670497979897344,600,0.33699999999999997,0.33499999999999996,0.248,0.248,err_qda,False,False,1.2945788451667994
Qwen2.5-3B-Instruct,pns,26,Jailbreak_vs_Benign,9,0.08765256063970703,0.38871573976521034,0.4763683004049174,0.8159983345550038,0.3105173563929591,0.10810846988136114,0.7336334249603891,500,500,0.7695979344054527,0.8639667240367047,0.023913394685283123,0.4265662342186841,0.5917435370921618,0.0437016109415432,600,0.33699999999999997,0.32699999999999996,0.25,0.25,err_qda,False,False,1.1464678388307024
Qwen2.5-3B-Instruct,pns,26,Jailbreak_vs_Refusal,9,0.16466016836238173,0.24988042430221213,0.41454059266459387,0.602788794930853,0.3303218577842836,0.12465020278420352,-0.4128344138703133,500,500,0.5511472153856497,0.6843872051008618,0.03418022642714939,0.3819273649567317,0.5349803402340898,0.039374310659064035,600,0.263,0.2620000000000001,0.20799999999999996,0.20799999999999996,err_qda,False,False,1.1464678388307024
Qwen2.5-3B-Instruct,pns,28,Jailbreak_vs_Benign,9,0.09615729291297992,0.2946070007725634,0.39076429368554333,0.753925078450592,0.3382698009517506,0.13179687431519127,0.6858238417537765,500,500,0.708421293780633,0.8059027921813234,0.024783334574104116,0.35657403235016166,0.4989755853281208,0.036470982929463415,600,0.357,0.353,0.257,0.257,err_qda,False,False,0.7243699587606499
Qwen2.5-3B-Instruct,pns,28,Jailbreak_vs_Refusal,9,0.23204249318659836,0.3062972181264829,0.5383397113130812,0.5689664196969304,0.2918582931696263,0.09402126076835937,-0.03854611700687347,500,500,0.5246905901858233,0.6413698972128049,0.031168874806826705,0.4845915302131479,0.6767806026242751,0.04974648788252126,600,0.21699999999999997,0.21599999999999997,0.21499999999999997,0.21499999999999997,err_qda,False,False,0.7243699587606499
Qwen2.5-3B-Instruct,pns,30,Jailbreak_vs_Benign,9,0.07759814595300982,0.3088184254390125,0.38641657139202235,0.7991852531751648,0.3397437058494347,0.13315641707167242,0.7321323629047152,500,500,0.7523931346010373,0.8468427989043676,0.023243510322868314,0.349779132832011,0.5051323152453238,0.036881638960795195,600,0.359,0.355,0.258,0.258,err_qda,False,False,1.0024475744839012
Qwen2.5-3B-Instruct,pns,30,Jailbreak_vs_Refusal,9,0.16363666386692732,0.38658564260325434,0.5502223064701817,0.7025990005445275,0.28841078248004526,0.09156491268593486,-0.27031521157918614,500,500,0.6562570867365599,0.7659762750712592,0.027797372322180155,0.4978064160843695,0.6899822413426748,0.04932181229012312,600,0.263,0.2620000000000001,0.22099999999999997,0.22099999999999997,err_qda,False,False,1.0024475744839012
Qwen2.5-3B-Instruct,pns,32,Jailbreak_vs_Benign,9,0.09569956400186538,0.3152388612496644,0.4109384252515298,0.7671194560516238,0.33151387805557314,0.1257025933077353,0.7215433460531658,500,500,0.7195718338199839,0.8188872695547399,0.024906993261768325,0.36120441299720746,0.5388616243535221,0.04259993753917282,600,0.3440000000000001,0.347,0.274,0.274,err_qda,False,False,1.3745824921008494
Qwen2.5-3B-Instruct,pns,32,Jailbreak_vs_Refusal,9,0.10095175152364047,0.4671656318670614,0.5681173833907018,0.8223047657490625,0.2832955545465276,0.08800045051702371,-0.6530391460476833,500,500,0.7784657937988544,0.8679970584936173,0.02319114081964082,0.5095889959463382,0.7108648675498059,0.052036574685168,600,0.31200000000000006,0.31499999999999995,0.21100000000000008,0.21100000000000008,err_qda,False,False,1.3745824921008494
Qwen2.5-3B-Instruct,pns,34,Jailbreak_vs_Benign,9,0.11380677496115757,0.3643997185235488,0.47820649348470634,0.7620133216263044,0.3099470898278853,0.10765729074287012,0.7301250185883,500,500,0.7054793705006975,0.8189245455819304,0.029346392380432306,0.404130898952928,0.6553830231228555,0.06437919725935579,600,0.32099999999999995,0.32499999999999996,0.2550000000000001,0.2550000000000001,err_qda,False,False,1.50775035819018
Qwen2.5-3B-Instruct,pns,34,Jailbreak_vs_Refusal,9,0.10506318696840528,0.5052290680441587,0.610292255012564,0.827847746541954,0.27159604763089157,0.08019577549615048,-0.7776253396018802,500,500,0.7745745150569157,0.8722568671860059,0.025423046190336265,0.5298218702863179,0.7818881130535902,0.06274349524785633,600,0.30800000000000005,0.30800000000000005,0.21199999999999997,0.21199999999999997,err_qda,False,False,1.50775035819018
Qwen2.5-3B-Instruct,pns,36,Jailbreak_vs_Benign,9,0.14411229158495295,0.21715175025528843,0.3612640418402414,0.6010887470259704,0.3483974955716966,0.14136483011370782,0.49029973187773884,500,500,0.5414676201439823,0.6848399164741377,0.03611554131349774,0.32198407342375124,0.4773099398073065,0.03914452941872657,600,0.29899999999999993,0.30299999999999994,0.255,0.255,err_qda,False,False,0.6035151132956649
Qwen2.5-3B-Instruct,pns,36,Jailbreak_vs_Refusal,9,0.23722822037434593,0.3918068889822752,0.6290351093566211,0.6228696668187829,0.26655297092869384,0.076975752835506,-0.1132153814179259,500,500,0.5703220530455242,0.6887850333287556,0.030681282797688485,0.5567512526509694,0.7781989246747881,0.05495530194982654,600,0.21999999999999997,0.22499999999999998,0.19399999999999995,0.19399999999999995,err_qda,False,False,0.6035151132956649
Llama-3.1-8B-Instruct,pns,2,Jailbreak_vs_Benign,9,0.11286031065491874,0.18579749900023934,0.2986578096551581,0.6221082891311911,0.37090660366308165,0.1646967173451508,-0.07310843246062797,500,500,0.575435124258197,0.7084241201243392,0.03367986106126835,0.27238104279880987,0.40465707099150783,0.033948683490105026,600,0.33100000000000007,0.32999999999999996,0.30700000000000016,0.30700000000000016,err_qda,False,False,-0.562897052087093
Llama-3.1-8B-Instruct,pns,2,Jailbreak_vs_Refusal,9,0.03099410185723861,0.1404971672759565,0.17149126913319512,0.8192671731109187,0.421203811468334,0.23057960506942293,0.4897886196264649,500,500,0.7318266576019077,0.8920319405173227,0.040745272139249694,0.14252197129323638,0.28524329387169145,0.03831101679109381,600,0.405,0.4019999999999999,0.359,0.359,err_qda,False,False,-0.562897052087093
Llama-3.1-8B-Instruct,pns,4,Jailbreak_vs_Benign,9,0.12542676103324402,0.2457948483657404,0.3712216093989844,0.6621243002628199,0.3449455191393275,0.13804338820004985,-0.12843847517732207,500,500,0.6123404615482814,0.7384383498014909,0.031553680277759025,0.3180991623528542,0.5037923496806688,0.04715235627719067,600,0.31699999999999995,0.31699999999999995,0.30499999999999994,0.30499999999999994,err_qda,False,False,-0.5708169565019527
Llama-3.1-8B-Instruct,pns,4,Jailbreak_vs_Refusal,9,0.041544096703318635,0.13041654332687358,0.1719606400301922,0.7584092691442387,0.4210061570477716,0.2302708474638549,0.4423784813246308,500,500,0.6795396759828063,0.8426940842797414,0.043892075863380266,0.14904799243914474,0.2795939725828738,0.03427035241634684,600,0.363,0.3699999999999999,0.361,0.361,err_qda,False,False,-0.5708169565019527
Llama-3.1-8B-Instruct,pns,6,Jailbreak_vs_Benign,9,0.1423493527523106,0.2186065745590522,0.3609559273113628,0.6056323169074346,0.34850485844108775,0.14146915942563965,0.13038819522354467,500,500,0.5465604999600092,0.6892091136848776,0.035022872854690634,0.31218405417397366,0.48529515370217136,0.04417608232733108,600,0.29699999999999993,0.30300000000000005,0.29100000000000004,0.29100000000000004,err_qda,False,False,-0.45358426383073386
Llama-3.1-8B-Instruct,pns,6,Jailbreak_vs_Refusal,9,0.05079397544109894,0.154331710447142,0.20512568588824093,0.7523763285853283,0.40727246658702354,0.2099497664884205,0.5839724590542786,500,500,0.6751014860974255,0.8457981595240844,0.0427368404640565,0.17730147601048574,0.30155218904132775,0.030997365502575397,600,0.382,0.375,0.32099999999999995,0.32099999999999995,err_qda,False,False,-0.45358426383073386
Llama-3.1-8B-Instruct,pns,8,Jailbreak_vs_Benign,9,0.18445585559912442,0.20807771785499618,0.3925335734541206,0.5300889705407997,0.33767183617608254,0.13124841552411887,0.06443660511223229,500,500,0.48148462273834586,0.6180045341125739,0.03280528013441807,0.34978391769487344,0.5028500109961975,0.039980711550082385,600,0.278,0.2749999999999999,0.278,0.2749999999999999,err_lda,False,False,-0.53370673729438
Llama-3.1-8B-Instruct,pns,8,Jailbreak_vs_Refusal,9,0.09431880801361046,0.1515813963203474,0.24590020433395787,0.6164346090354776,0.39100013063424327,0.18836094942384912,0.5981433424066125,500,500,0.5518868359918135,0.7192074873279454,0.042744648293212034,0.2207465676385443,0.339370141308268,0.030109202673245485,600,0.33000000000000007,0.33299999999999996,0.2769999999999999,0.2769999999999999,err_qda,False,False,-0.53370673729438
Llama-3.1-8B-Instruct,pns,10,Jailbreak_vs_Benign,9,0.19449578252285388,0.29024830362362763,0.4847440861464815,0.5987660539213252,0.30792739118490964,0.10607015629930294,0.13727318349760528,500,500,0.5471085490507306,0.6708367409275318,0.030358963234521464,0.430463480235492,0.6010111413005776,0.04315809665449694,600,0.28300000000000003,0.28300000000000003,0.263,0.263,err_qda,False,False,-0.49806419922995143
Llama-3.1-8B-Instruct,pns,10,Jailbreak_vs_Refusal,9,0.1249988274014527,0.1542742758257205,0.2792731032271732,0.5524136554612169,0.37816665896841556,0.17290677468852084,0.6353373827275568,500,500,0.4899418314455762,0.6710885179789221,0.04528821427819649,0.25441283986881,0.3783927418125568,0.03127831813548223,600,0.31699999999999995,0.31100000000000005,0.254,0.254,err_qda,False,False,-0.49806419922995143
Llama-3.1-8B-Instruct,pns,12,Jailbreak_vs_Benign,9,0.06777648965918198,0.3798859498895233,0.44766243954870527,0.8485991147090464,0.3195601946950716,0.11544664613808403,0.5122172993086738,500,500,0.7975444489900032,0.8881032238098818,0.02331535367095536,0.3976083455639763,0.5697711396815608,0.04490741500079099,600,0.367,0.3700000000000001,0.2470000000000001,0.2470000000000001,err_qda,False,False,0.7405301926037571
Llama-3.1-8B-Instruct,pns,12,Jailbreak_vs_Refusal,9,0.16518504811546403,0.09963218651823169,0.2648172346336957,0.3762299937013025,0.3836730907333367,0.1793834697849645,-0.22831289329508345,500,500,0.34079037666733103,0.5162507607585773,0.04573137381912737,0.2434252752402173,0.36678030083716373,0.03147021983401761,600,0.258,0.259,0.262,0.258,err_logistic,False,False,0.7405301926037571
Llama-3.1-8B-Instruct,pns,14,Jailbreak_vs_Benign,9,0.06489702952831583,0.3893121788541052,0.454209208382421,0.8571208413862103,0.3174749412559152,0.11372333532226775,0.5865979141554558,500,500,0.8165676204476124,0.891587762232511,0.019585092993641123,0.39902937849144066,0.569269879512872,0.04136930692260036,600,0.35399999999999987,0.3560000000000001,0.2490000000000001,0.2490000000000001,err_qda,False,False,1.2210591380661115
Llama-3.1-8B-Instruct,pns,14,Jailbreak_vs_Refusal,9,0.09608031468882819,0.250036414201265,0.34611672889009315,0.7224048805819561,0.3537149523895601,0.14660824506498282,-0.6344612239106556,500,500,0.6720332735375977,0.7955900850368396,0.03163819501346489,0.3125717649586777,0.45181603588220554,0.036279254836884385,600,0.30999999999999994,0.30800000000000005,0.277,0.277,err_qda,False,False,1.2210591380661115
Llama-3.1-8B-Instruct,pns,16,Jailbreak_vs_Benign,9,0.09284694258154236,0.394134144447829,0.4869810870293714,0.8093417895386511,0.3072393272257377,0.10553327668119317,0.537002064791076,500,500,0.7629123145000901,0.8507450792916454,0.022014510426643343,0.4316916308087571,0.6071777456866836,0.044070994663757704,600,0.32599999999999996,0.33399999999999996,0.2460000000000001,0.2460000000000001,err_qda,False,False,1.1345008208994218
Llama-3.1-8B-Instruct,pns,16,Jailbreak_vs_Refusal,9,0.10878148288441289,0.36363638479167193,0.47241786767608485,0.7697346135116986,0.31174646046856697,0.10908550246208543,-0.5974987561083459,500,500,0.7179007218058922,0.8269637888233918,0.027403806660597003,0.42095407810325164,0.6080845446313959,0.04779462841607431,600,0.29799999999999993,0.30199999999999994,0.253,0.253,err_qda,False,False,1.1345008208994218
Llama-3.1-8B-Instruct,pns,18,Jailbreak_vs_Benign,9,0.14070132744425345,0.36446333120118624,0.5051646586454397,0.7214743251803615,0.3017031055986448,0.10128301256137456,0.5008762458622954,500,500,0.6705104196182967,0.7769184397536192,0.027303492333917073,0.4463382349142762,0.6262195553372691,0.04413932184822552,600,0.29200000000000004,0.29600000000000004,0.22899999999999987,0.22899999999999987,err_qda,False,False,1.094795799862534
Llama-3.1-8B-Instruct,pns,18,Jailbreak_vs_Refusal,9,0.14785069772673362,0.45292279031587057,0.6007734880426042,0.7538994302021385,0.2741936504930439,0.08188776383691126,-0.5939195540002384,500,500,0.7095865892178654,0.8098945619883026,0.025304605112941077,0.5346890871002242,0.7603010267426471,0.05606897006562297,600,0.266,0.272,0.22399999999999998,0.22399999999999998,err_qda,False,False,1.094795799862534
Llama-3.1-8B-Instruct,pns,20,Jailbreak_vs_Benign,9,0.1440397086854519,0.4040263951869747,0.5480661038724266,0.7371855189224035,0.2890333254816736,0.09200522459104338,0.49581752480095065,500,500,0.6869899855212145,0.7876217838482619,0.025644158501066733,0.4842996385927294,0.6706453828139451,0.04689279339541938,600,0.279,0.2769999999999999,0.22899999999999987,0.22899999999999987,err_qda,False,False,0.7850229531252096
Llama-3.1-8B-Instruct,pns,20,Jailbreak_vs_Refusal,9,0.2590567616793148,0.5091364364660755,0.7681931981453903,0.662771341500104,0.23192519869892197,0.0570432276074046,-0.28920542832425905,500,500,0.6151832567891702,0.7236298373592064,0.027926861681348603,0.669921592904054,0.9486477624374074,0.0715749297438272,600,0.19900000000000007,0.20899999999999996,0.19599999999999995,0.19599999999999995,err_qda,False,False,0.7850229531252096
Llama-3.1-8B-Instruct,pns,22,Jailbreak_vs_Benign,9,0.2040278216940309,0.3399215549843859,0.5439493766784168,0.6249139525815611,0.29022564938487433,0.0928525175822304,0.3006462105521728,500,500,0.5764010914313328,0.6825355539896113,0.027318854112006,0.4811887843248937,0.67568607576877,0.04785277845487805,600,0.2350000000000001,0.243,0.22999999999999998,0.22999999999999998,err_qda,False,False,0.8029450075150535
Llama-3.1-8B-Instruct,pns,22,Jailbreak_vs_Refusal,9,0.22194696384738535,0.5733655761902945,0.7953125400376798,0.7209311400561218,0.22572005987981594,0.053849291642552366,-0.5022987969628805,500,500,0.6726232727404579,0.7743296920768161,0.025674959235858615,0.6984546405842524,0.9870018947843762,0.07182481848604577,600,0.248,0.249,0.20300000000000007,0.20300000000000007,err_qda,False,False,0.8029450075150535
Llama-3.1-8B-Instruct,pns,24,Jailbreak_vs_Benign,9,0.1850086089408361,0.34843315753844273,0.5334417664792788,0.6531793710831928,0.29329130553179383,0.09505529994892392,0.42291556761095717,500,500,0.6071063494815713,0.7116040222790324,0.027299451611036526,0.4740314344550553,0.656604125121584,0.04550281070858994,600,0.258,0.26,0.2310000000000001,0.2310000000000001,err_qda,False,False,1.0113685218588508
Llama-3.1-8B-Instruct,pns,24,Jailbreak_vs_Refusal,9,0.19965478677192322,0.6471379542819946,0.8467927410539178,0.7642223686005705,0.2143939814844726,0.048297420083484977,-0.5884529542478935,500,500,0.7174558593973698,0.8117478590657469,0.023953050070283546,0.7524670246100803,1.0397296826504252,0.07322399607970363,600,0.2530000000000001,0.2570000000000001,0.19500000000000006,0.19500000000000006,err_qda,False,False,1.0113685218588508
Llama-3.1-8B-Instruct,pns,26,Jailbreak_vs_Benign,9,0.21399716485272555,0.2908127512449177,0.5048099160976433,0.5760836742134577,0.3018101515127506,0.10136403518516979,0.2827248662943672,500,500,0.5276173711284421,0.6436342774995144,0.02939182401180267,0.44955984725051873,0.6244174426820338,0.043494375711604194,600,0.236,0.23799999999999988,0.249,0.236,err_logistic,False,False,1.1970780536453538
Llama-3.1-8B-Instruct,pns,26,Jailbreak_vs_Refusal,9,0.13238390241386583,0.6572971179713978,0.7896810203852636,0.8323577507924917,0.2269947928058296,0.05449650502039999,-0.9143531873509865,500,500,0.7904050917392361,0.8707259548552372,0.020449593441633943,0.705917778808527,0.9636698221805702,0.0673332835588783,600,0.3320000000000001,0.33299999999999996,0.18000000000000005,0.18000000000000005,err_qda,False,False,1.1970780536453538
Llama-3.1-8B-Instruct,pns,28,Jailbreak_vs_Benign,9,0.27869131076004183,0.35192619832261585,0.6306175090826577,0.5580660118913499,0.2661315111274033,0.07671047876772946,0.49484901951335086,500,500,0.5181209252480463,0.6144962155342294,0.02438050674137351,0.5697809195917855,0.7652844350552037,0.04842260509591155,600,0.21900000000000008,0.21800000000000008,0.22699999999999998,0.21800000000000008,err_lda,False,False,0.6484531840759487
Llama-3.1-8B-Instruct,pns,28,Jailbreak_vs_Refusal,9,0.3073319046338182,0.6249124710612008,0.9322443756950191,0.6703311785553095,0.19683458829900718,0.040373907562722966,-0.15360416456259782,500,500,0.6139515419160653,0.7267871993095198,0.028580644945887277,0.8413569787614135,1.1314508473215261,0.0729395818710562,600,0.15600000000000003,0.17200000000000004,0.15800000000000003,0.15600000000000003,err_logistic,False,False,0.6484531840759487
Llama-3.1-8B-Instruct,pns,30,Jailbreak_vs_Benign,9,0.19652924512538414,0.34595470928533345,0.5424839544107176,0.6377233952682206,0.29065126429075466,0.0931562430536928,0.5253364221168257,500,500,0.5898053771814072,0.69585396803354,0.028129343752058555,0.4852986876373477,0.6600070901410661,0.042972083687933746,600,0.243,0.254,0.23099999999999998,0.23099999999999998,err_qda,False,False,1.1536731216015381
Llama-3.1-8B-Instruct,pns,30,Jailbreak_vs_Refusal,9,0.2023802610658941,0.7112908188474165,0.9136710799133106,0.778497683121265,0.2005246172494532,0.04197174991387237,-0.6283366994847124,500,500,0.737460170901267,0.8218183876257902,0.0223576898519146,0.8260702447705199,1.1131782648888218,0.07556368675972927,600,0.27100000000000013,0.27100000000000013,0.15800000000000003,0.15800000000000003,err_qda,False,False,1.1536731216015381
Llama-3.1-8B-Instruct,pns,32,Jailbreak_vs_Benign,9,0.1946357790294438,0.3237512442646775,0.5183870232941212,0.6245357806362145,0.2977401347807234,0.09831503371328837,0.6066638987722617,500,500,0.5749378476258945,0.6865232406142795,0.029002671252653028,0.472760881430648,0.6337384023897964,0.04030840798564944,600,0.245,0.244,0.21100000000000008,0.21100000000000008,err_qda,False,False,0.9682598629953098
Llama-3.1-8B-Instruct,pns,32,Jailbreak_vs_Refusal,9,0.2699840907445868,0.6836781102467171,0.9536622009913038,0.7168975655489478,0.1926636451812212,0.03861001330167069,-0.36159596422304807,500,500,0.6718932518697881,0.7712247885573694,0.024415031561278448,0.8540468658783156,1.155333260623351,0.07652774963908641,600,0.21299999999999997,0.21799999999999997,0.16500000000000004,0.16500000000000004,err_qda,False,False,0.9682598629953098
Mistral-7B-Instruct-v0.3,pns,2,Jailbreak_vs_Benign,9,0.06447108224844221,0.12169527233375277,0.186166354582195,0.6536910098866583,0.4150677433263636,0.22121913901783002,0.01544718507774958,500,500,0.6008207941952831,0.7500070850998394,0.03843721540410989,0.16932657610646362,0.2769237806453338,0.027767633430096268,600,0.379,0.381,0.36,0.36,err_qda,False,False,0.23505656080503282
Mistral-7B-Instruct-v0.3,pns,2,Jailbreak_vs_Refusal,9,0.10608745408243819,0.3606942346240398,0.466781688706478,0.7727257588522326,0.31350848017769084,0.11049719788341134,-0.2196093757272834,500,500,0.7237243202394836,0.8199798541473022,0.023742983720243475,0.432388337477228,0.5769726088350354,0.036545977178771775,600,0.3480000000000001,0.3440000000000001,0.377,0.3440000000000001,err_lda,False,True,0.23505656080503282
Mistral-7B-Instruct-v0.3,pns,4,Jailbreak_vs_Benign,9,0.08101565447566152,0.13859273656424165,0.21960839103990315,0.6310903509104038,0.40141656652930485,0.20189810447462064,-0.011827824089322413,500,500,0.5804589741349427,0.7177127001342439,0.037298805827199855,0.19456385863888553,0.30588200920074987,0.02740456005117706,600,0.363,0.358,0.31699999999999995,0.31699999999999995,err_qda,False,False,-0.3281037941947874
Mistral-7B-Instruct-v0.3,pns,4,Jailbreak_vs_Refusal,9,0.11247960591436822,0.48767461198390905,0.6001542178982773,0.8125821621178161,0.27436350302143,0.08199920070673333,0.31627597010546504,500,500,0.7763210694835601,0.8533577491604064,0.020049767020429942,0.5526157008467761,0.7273272285097651,0.04327722590186225,600,0.33100000000000007,0.3340000000000001,0.33099999999999996,0.33099999999999996,err_qda,False,True,-0.3281037941947874
Mistral-7B-Instruct-v0.3,pns,6,Jailbreak_vs_Benign,9,0.14223057638805947,0.18740523034083445,0.3296358067288939,0.5685220674311157,0.35959280415085937,0.15259099723392072,-0.048345186773273936,500,500,0.5263065033341724,0.650519070393414,0.032346576067649783,0.2941280500644086,0.4311937038501509,0.035142241895570685,600,0.30000000000000004,0.30699999999999994,0.276,0.276,err_qda,False,False,-0.3660913256231599
Mistral-7B-Instruct-v0.3,pns,6,Jailbreak_vs_Refusal,9,0.208858824435178,0.5854512224617743,0.7943100468969523,0.7370562977881183,0.225946456152965,0.0539639039809488,0.3177461388498859,500,500,0.7035350179293783,0.7716735370825171,0.016931064137225296,0.7294102114081583,0.934671586179775,0.05402846509866609,600,0.277,0.28300000000000003,0.279,0.277,err_logistic,False,True,-0.3660913256231599
Mistral-7B-Instruct-v0.3,pns,8,Jailbreak_vs_Benign,9,0.08892806828797224,0.13649723980078043,0.22542530808875266,0.6055098292115445,0.39908833778144537,0.19878828268667403,-0.05942130986922846,500,500,0.5569407890722133,0.7052410357200043,0.039064268234642915,0.2087669482076078,0.3032401848151642,0.024996767542918387,600,0.34199999999999997,0.349,0.32099999999999995,0.32099999999999995,err_qda,False,False,-0.47748179823932807
Mistral-7B-Instruct-v0.3,pns,8,Jailbreak_vs_Refusal,9,0.19988858292894776,0.590479213444782,0.7903677963737298,0.747094221391544,0.2268389517526957,0.0544171345667136,0.4180604883700998,500,500,0.7062914667334076,0.7880924652437729,0.02080109632667461,0.731702337516174,0.9257502203085083,0.05064085341125212,600,0.28800000000000003,0.29200000000000004,0.267,0.267,err_qda,False,True,-0.47748179823932807
Mistral-7B-Instruct-v0.3,pns,10,Jailbreak_vs_Benign,9,0.17056854205110622,0.22406358558418127,0.3946321276352875,0.5677783684942579,0.33696395655407085,0.13060144561270104,-0.11940134747289774,500,500,0.5232069198510304,0.6475641164346065,0.03223322891400987,0.3616068193633275,0.49333049597503115,0.03363324831546919,600,0.278,0.281,0.2779999999999999,0.2779999999999999,err_qda,False,False,-0.39086313917385995
Mistral-7B-Instruct-v0.3,pns,10,Jailbreak_vs_Refusal,9,0.23364208008188836,0.5862572950391378,0.8198993751210262,0.7150356651419569,0.22023798755888543,0.05111780071380395,0.27146179170096235,500,500,0.6788767646234581,0.7533181847699355,0.018803710589930422,0.7507731298778224,0.9611680886807428,0.05433258675225227,600,0.2609999999999999,0.26,0.268,0.26,err_lda,False,True,-0.39086313917385995
Mistral-7B-Instruct-v0.3,pns,12,Jailbreak_vs_Benign,9,0.23777189614981453,0.2171699265959397,0.45494182274575423,0.4773575779101449,0.31724243973133004,0.11353236301947167,-0.20084494355489493,500,500,0.440557404957895,0.5585715316294244,0.031202072317210883,0.41374492942093744,0.5674139746031001,0.038353732785023,600,0.2569999999999999,0.2589999999999999,0.267,0.2569999999999999,err_logistic,False,False,-0.5414250615701209
Mistral-7B-Instruct-v0.3,pns,12,Jailbreak_vs_Refusal,9,0.2520856348338153,0.5041790126075405,0.7562646474413558,0.6666700794666418,0.23470829635129886,0.05851159061208544,0.34058011801522603,500,500,0.6280079212391588,0.712082253640737,0.021647313549794663,0.6948077370460006,0.901787213068343,0.05209163450034787,600,0.24,0.243,0.2609999999999999,0.24,err_logistic,False,True,-0.5414250615701209
Mistral-7B-Instruct-v0.3,pns,14,Jailbreak_vs_Benign,9,0.23871614649540784,0.21182780062682482,0.45054394712223267,0.47016012972726917,0.3186407049683822,0.11468441358121473,-0.1723250661548101,500,500,0.42962351019051487,0.551975972941603,0.031915289745924426,0.41577785862738087,0.5538686135323274,0.03637638829831328,600,0.274,0.277,0.24,0.24,err_qda,False,False,-0.7520235959029056
Mistral-7B-Instruct-v0.3,pns,14,Jailbreak_vs_Refusal,9,0.23464526772842775,0.38744702181296553,0.6220922895413933,0.6228127696271427,0.268410039363184,0.07815162585467511,0.5796985297480955,500,500,0.573564366341555,0.685315576799449,0.027392269994463793,0.5720063687796275,0.7548077917777445,0.047288441912561194,600,0.252,0.25,0.255,0.25,err_lda,False,False,-0.7520235959029056
Mistral-7B-Instruct-v0.3,pns,16,Jailbreak_vs_Benign,9,0.19999503717615266,0.2415303806496354,0.441525417825788,0.5470361861362547,0.32152737268456805,0.11708989486491889,-0.34211849637880165,500,500,0.5071429417169688,0.6213525312588911,0.02929761477457958,0.40084343565647096,0.5488016619511066,0.037047312278560396,600,0.28700000000000003,0.28900000000000003,0.257,0.257,err_qda,False,False,-1.0655455948247214
Mistral-7B-Instruct-v0.3,pns,16,Jailbreak_vs_Refusal,9,0.20654260840947813,0.4718476029745311,0.6783902113840092,0.6955401110695527,0.25371659770674715,0.06915444989171277,0.7234270984459198,500,500,0.6435673163950428,0.7523984455587628,0.027641703635847954,0.6199622003938084,0.8110390837674218,0.05015404742945784,600,0.26,0.2579999999999999,0.244,0.244,err_qda,False,False,-1.0655455948247214
Mistral-7B-Instruct-v0.3,pns,18,Jailbreak_vs_Benign,9,0.1168158791257055,0.3524169930433487,0.46923287216905424,0.7510492421689943,0.3127409544332016,0.10988066515460926,0.9046047302516753,500,500,0.7015867357480262,0.7990275615672716,0.02417046196433686,0.4202082672647265,0.581578813265655,0.03953508051823086,600,0.30699999999999994,0.31199999999999994,0.247,0.247,err_qda,False,False,0.1328349048465677
Mistral-7B-Instruct-v0.3,pns,18,Jailbreak_vs_Refusal,9,0.31850885089876024,0.4922930243379646,0.8108018752367249,0.6071680880045237,0.2222507442701466,0.052110943791472075,0.7717698254051077,500,500,0.5637253290729445,0.6645001919186138,0.025658430413866156,0.7294440595204961,0.9758203080742025,0.06448542371741262,600,0.22199999999999986,0.2230000000000001,0.241,0.22199999999999986,err_logistic,False,False,0.1328349048465677
Mistral-7B-Instruct-v0.3,pns,20,Jailbreak_vs_Benign,9,0.130616056171289,0.375970612668203,0.506586668839492,0.7421644425217323,0.301274385601253,0.10095896880071653,0.9271833186119783,500,500,0.6944450073053998,0.7949515168463402,0.023774998036295684,0.45912489468913276,0.6111621640821739,0.03736650279235852,600,0.30500000000000005,0.29900000000000004,0.2350000000000001,0.2350000000000001,err_qda,False,False,0.06765500845968235
Mistral-7B-Instruct-v0.3,pns,20,Jailbreak_vs_Refusal,9,0.31095812271122275,0.528206904435665,0.8391650271468878,0.6294434197663571,0.21603557026416936,0.04908023731418121,0.8595283101522961,500,500,0.5843644754670707,0.6917144916212123,0.027801885023359445,0.760143437002754,1.0135685451887149,0.06659190096890488,600,0.22299999999999998,0.21999999999999997,0.22499999999999998,0.21999999999999997,err_lda,False,True,0.06765500845968235
Mistral-7B-Instruct-v0.3,pns,22,Jailbreak_vs_Benign,9,0.15867167843675165,0.38505349055741966,0.5437251689941713,0.7081766902012723,0.29029072750086576,0.09289891485404012,0.9422428779105224,500,500,0.6719105763316807,0.7596671997858335,0.022309203953192375,0.49581161828909087,0.6579383249297798,0.04062455646214952,600,0.2670000000000001,0.2739999999999999,0.2310000000000001,0.2310000000000001,err_qda,False,False,0.014710227491739601
Mistral-7B-Instruct-v0.3,pns,22,Jailbreak_vs_Refusal,9,0.29836134707977274,0.5333468011146607,0.8317081481944335,0.6412667740150322,0.21765254265209205,0.04985849927264063,0.9275326504187829,500,500,0.5949936036501778,0.705055152906213,0.02859684975804702,0.7487516579383766,1.0024441165824427,0.06580996620824374,600,0.21900000000000008,0.2230000000000001,0.235,0.21900000000000008,err_logistic,False,True,0.014710227491739601
Mistral-7B-Instruct-v0.3,pns,24,Jailbreak_vs_Benign,9,0.1769029330553594,0.37562757859266327,0.5525305116480227,0.6798313770442934,0.28774583892688027,0.0910961822380893,0.8550324827607727,500,500,0.6425255736292318,0.7303331877525058,0.02271623163375927,0.4993922604321916,0.6704539796344391,0.042730457977232836,600,0.2620000000000001,0.266,0.2310000000000001,0.2310000000000001,err_qda,False,False,-0.09896383972653969
Mistral-7B-Instruct-v0.3,pns,24,Jailbreak_vs_Refusal,9,0.2779971071111265,0.5214840245452361,0.7994811316563626,0.6522780887459184,0.22478108359409749,0.05337547709707724,0.9539963224873125,500,500,0.6028270879067965,0.7129759884554268,0.029061134700508997,0.7217474202498746,0.9659383632972884,0.061984123722737004,600,0.23099999999999998,0.23199999999999998,0.23199999999999998,0.23099999999999998,err_logistic,False,True,-0.09896383972653969
Mistral-7B-Instruct-v0.3,pns,26,Jailbreak_vs_Benign,9,0.18603727151283728,0.33985841114541415,0.5258956826582515,0.6462468172918393,0.29551287785080554,0.09667365691745983,0.7727475599022814,500,500,0.6059974687980654,0.7031355103154352,0.023753465181572786,0.4779501254819402,0.6361013861181815,0.04010519799912096,600,0.2600000000000001,0.275,0.247,0.247,err_qda,False,False,-0.29306911270072505
Mistral-7B-Instruct-v0.3,pns,26,Jailbreak_vs_Refusal,9,0.24881503410655606,0.5251951436235451,0.7740101777301012,0.6785377747405819,0.23058001081126997,0.056341506770945904,1.0658166726030065,500,500,0.6268708180889163,0.7369125414302423,0.028791788069125118,0.6926113926712116,0.9409694533898374,0.06259724926697946,600,0.235,0.23699999999999988,0.24499999999999988,0.235,err_logistic,False,True,-0.29306911270072505
Mistral-7B-Instruct-v0.3,pns,28,Jailbreak_vs_Benign,9,0.22540738416353837,0.33614684085714686,0.5615542250206852,0.5986008579042651,0.28516098299158105,0.08928937951487642,0.6584748681799512,500,500,0.5603816276782341,0.6543498507747852,0.02394150570352615,0.515775236054158,0.6750320524810517,0.040404955638409894,600,0.24099999999999988,0.2529999999999999,0.236,0.236,err_qda,False,False,-0.4411311222725215
Mistral-7B-Instruct-v0.3,pns,28,Jailbreak_vs_Refusal,9,0.21804802833095216,0.6294481349640275,0.8474961632949797,0.7427150260088454,0.21424322501848841,0.048225896565908366,1.0996059904524726,500,500,0.6951835320185011,0.7895272510052226,0.024405291587891346,0.7628803386324073,1.0323901282955514,0.06840879343155905,600,0.242,0.245,0.235,0.235,err_qda,False,True,-0.4411311222725215
Mistral-7B-Instruct-v0.3,pns,30,Jailbreak_vs_Benign,9,0.22325551639538496,0.278224826951492,0.501480343346877,0.5548070440700049,0.30281672516933067,0.1021281224342162,0.35646193253705744,500,500,0.521200192626242,0.615079582000511,0.024235425021240327,0.46282545247307105,0.6100252426721922,0.0392388232723296,600,0.244,0.252,0.2300000000000001,0.2300000000000001,err_qda,False,False,-0.8147772530768826
Mistral-7B-Instruct-v0.3,pns,30,Jailbreak_vs_Refusal,9,0.1927464453635858,0.7266686342129152,0.9194150795765009,0.7903597084220456,0.1993761055985652,0.04147064595998895,1.1712391856139401,500,500,0.7501385781748486,0.8304549348893147,0.020987927886119077,0.8185862713359006,1.1138845549887153,0.07173126341779869,600,0.2649999999999999,0.264,0.235,0.235,err_qda,False,True,-0.8147772530768826
Mistral-7B-Instruct-v0.3,pns,32,Jailbreak_vs_Benign,9,0.2082594469077198,0.24930227948450145,0.45756172639222126,0.544849503585446,0.3164123829158878,0.11285247781047392,0.342181153758898,500,500,0.5115648967985519,0.6119236811246767,0.025151676825408337,0.41768524421607,0.5632565301328598,0.03793510588661343,600,0.245,0.259,0.2579999999999999,0.245,err_logistic,False,False,-0.8373664120148122
Mistral-7B-Instruct-v0.3,pns,32,Jailbreak_vs_Refusal,9,0.2017070646235385,0.6151892756861272,0.8168963403096657,0.7530811993268617,0.22090036397423765,0.05144339354319022,1.1795475657737102,500,500,0.706630669865099,0.7994030732918957,0.02376772205985899,0.7466901842536087,0.9793293738701621,0.061730597352326534,600,0.267,0.267,0.2270000000000001,0.2270000000000001,err_qda,False,True,-0.8373664120148122
