model,layer,frame,pair,rho_before,rho_after,rho_delta,d_b_before,d_b_after,d_b_retained,d_mean_before,d_mean_after,d_disp_before,d_disp_after,delta_before,delta_after,frame_variance_removed
Qwen2.5-3B-Instruct,2,pns,Jailbreak_vs_Benign,0.6976352804041653,0.6958588478729701,-0.0017764325311951934,0.26412528731917456,0.2625646227689285,0.9940911960150179,0.07986216843843147,0.07985670687674092,0.1842631188807431,0.1827079158921876,-0.6257071513142611,-0.2518591952885189,0.8002238949528929
Qwen2.5-3B-Instruct,2,pns,Jailbreak_vs_Refusal,0.7349361316148701,0.7796394989784806,0.04470336736361047,0.19118659227621063,0.1250938381463566,0.6543023580107089,0.050676657732102975,0.02756574084863601,0.14050993454410765,0.0975280972977206,-0.6257071513142611,-0.2518591952885189,0.8002238949528929
Qwen2.5-3B-Instruct,4,pns,Jailbreak_vs_Benign,0.6085476073090597,0.753587162903025,0.1450395555939653,0.27684809040510994,0.19542644016486538,0.7058977357542875,0.10837284740099808,0.048155583564786726,0.16847524300411187,0.14727085660007866,-0.4990324959119186,-0.4267458185528366,0.509829006832861
Qwen2.5-3B-Instruct,4,pns,Jailbreak_vs_Refusal,0.8815467216838789,0.9127927231697929,0.031246001485913943,0.17994776457217268,0.16005724743821464,0.8894650501424793,0.0213154026392314,0.013958156686025344,0.15863236193294128,0.1460990907521893,-0.4990324959119186,-0.4267458185528366,0.509829006832861
Qwen2.5-3B-Instruct,6,pns,Jailbreak_vs_Benign,0.6187660418013684,0.6520688183133531,0.033302776511984655,0.24834131223592532,0.1930092050604217,0.7771933043385957,0.09467614144794406,0.06715392079307289,0.15366517078798125,0.12585528426734882,-0.44231859237008425,-0.25433411975581494,0.7174577889179774
Qwen2.5-3B-Instruct,6,pns,Jailbreak_vs_Refusal,0.7831017701595777,0.8608746410586446,0.07777287089906693,0.17067961930234082,0.1311126286325124,0.7681797578904855,0.037020107296514886,0.01824109152024292,0.13365951200582593,0.1128715371122695,-0.44231859237008425,-0.25433411975581494,0.7174577889179774
Qwen2.5-3B-Instruct,8,pns,Jailbreak_vs_Benign,0.6015872814292696,0.6706854869753768,0.06909820554610713,0.24587213214901502,0.1893299256058909,0.7700340984196788,0.09795858459027093,0.06234909225189213,0.14791354755874409,0.1269808333539988,-0.38021128115806224,-0.12670198498876115,0.6793597577841912
Qwen2.5-3B-Instruct,8,pns,Jailbreak_vs_Refusal,0.7416431949176835,0.8591414857822041,0.11749829086452057,0.1673224743105669,0.12316446715966312,0.7360904006897352,0.04322889988134605,0.017348763848536675,0.12409357442922087,0.10581570331112644,-0.38021128115806224,-0.12670198498876115,0.6793597577841912
Qwen2.5-3B-Instruct,10,pns,Jailbreak_vs_Benign,0.6019699041410995,0.7738307477198397,0.1718608435787402,0.28452725612596863,0.2037656366842283,0.7161550687924788,0.11325041103028918,0.04608552168926271,0.17127684509567942,0.1576801149949656,-0.36250277340709836,-0.2973070116837754,0.2918196177033824
Qwen2.5-3B-Instruct,10,pns,Jailbreak_vs_Refusal,0.8513336688485592,0.9045667653209948,0.05323309647243557,0.18721758648792244,0.1493939965635239,0.7979698882250115,0.027832951710186998,0.014257152333681283,0.15938463477773546,0.13513684422984262,-0.36250277340709836,-0.2973070116837754,0.2918196177033824
Qwen2.5-3B-Instruct,12,pns,Jailbreak_vs_Benign,0.5538833911637157,0.7470354495382198,0.1931520583745041,0.3176321889739895,0.19335328170082774,0.6087332720446076,0.14170099500232203,0.04891152598575985,0.17593119397166745,0.1444417557150679,-0.3284990021276444,-0.23986361392766148,0.3638946222694116
Qwen2.5-3B-Instruct,12,pns,Jailbreak_vs_Refusal,0.8009995564656391,0.851780351007613,0.05078079454197382,0.1853377318637426,0.13562874961279334,0.7317924323823357,0.03688229084453722,0.020102845660884588,0.14845544101920538,0.11552590395190876,-0.3284990021276444,-0.23986361392766148,0.3638946222694116
Qwen2.5-3B-Instruct,14,pns,Jailbreak_vs_Benign,0.5332071721135104,0.69282679222191,0.15961962010839958,0.3032852873464046,0.18466737093430236,0.6088899746837375,0.14157139693679474,0.05672486870183607,0.16171389040960982,0.12794250223246628,-0.34787224650005905,-0.25147906460876945,0.30246513961872246
Qwen2.5-3B-Instruct,14,pns,Jailbreak_vs_Refusal,0.7588044357881192,0.8226956683523329,0.0638912325642137,0.19336414849978578,0.12887927283368253,0.666510694115695,0.04663857489575572,0.022850853333013427,0.14672557360403005,0.1060284195006691,-0.34787224650005905,-0.25147906460876945,0.30246513961872246
Qwen2.5-3B-Instruct,16,pns,Jailbreak_vs_Benign,0.5378503840177015,0.6409084023578234,0.10305801834012196,0.2771559544104557,0.1650938750639632,0.5956713988524542,0.12808751789799952,0.059283823357656446,0.14906843651245616,0.10581005170630675,-0.4599919860854852,-0.29346538486620416,0.4832294538262806
Qwen2.5-3B-Instruct,16,pns,Jailbreak_vs_Refusal,0.7900041346237305,0.8477169868290565,0.05771285220532596,0.17063017845321307,0.11611401832306968,0.6805010659641796,0.03583163198358977,0.01768219258162319,0.1347985464696233,0.09843182574144649,-0.4599919860854852,-0.29346538486620416,0.4832294538262806
Qwen2.5-3B-Instruct,18,pns,Jailbreak_vs_Benign,0.5014944246596759,0.6791130001199177,0.17761857546024185,0.28133248424525337,0.16686780020342412,0.5931337813729184,0.1402458119206027,0.05354570778386576,0.14108667232465066,0.11332209241955837,-0.46250597135616583,-0.2543996066051487,0.6226491355932913
Qwen2.5-3B-Instruct,18,pns,Jailbreak_vs_Refusal,0.7870387783794976,0.8684300170689565,0.08139123868945886,0.1809305098716087,0.12330621896303469,0.6815114767019385,0.03853118241067816,0.01622339712425798,0.14239932746093054,0.10708282183877671,-0.46250597135616583,-0.2543996066051487,0.6226491355932913
Qwen2.5-3B-Instruct,20,pns,Jailbreak_vs_Benign,0.5261914470720951,0.6737914899283584,0.14760004285626327,0.4021839758545248,0.23976707282517537,0.5961626698720146,0.19055820761042389,0.07821405959053926,0.21162576824410095,0.1615530132346361,-0.5849564656432491,-0.5153751145680799,0.44357778429842176
Qwen2.5-3B-Instruct,20,pns,Jailbreak_vs_Refusal,0.509422525300357,0.8333462779545692,0.32392375265421214,0.27895172179746797,0.12410311602692434,0.44489101994871005,0.13684743124251922,0.020682246203322895,0.14210429055494878,0.10342086982360144,-0.5849564656432491,-0.5153751145680799,0.44357778429842176
Qwen2.5-3B-Instruct,22,pns,Jailbreak_vs_Benign,0.587218609047843,0.6485375702515083,0.06131896120366531,0.36602359973077253,0.23457277142532923,0.6408678882942752,0.15108773061818387,0.08244351619798378,0.21493586911258866,0.15212925522734544,-0.8233013719739337,-0.8235663237083182,0.3456494133349989
Qwen2.5-3B-Instruct,22,pns,Jailbreak_vs_Refusal,0.40576418342292697,0.8301101063894993,0.42434592296657236,0.35092963362420515,0.1464710524166468,0.4173801194956824,0.20853495739777259,0.024883951512082204,0.14239467622643254,0.1215871009045646,-0.8233013719739337,-0.8235663237083182,0.3456494133349989
Qwen2.5-3B-Instruct,24,pns,Jailbreak_vs_Benign,0.8737631922315967,0.834563896288896,-0.03919929594270066,0.385317551442562,0.26837713083927833,0.6965089698990377,0.04864125767124654,0.04439926685121537,0.33667629377131547,0.22397786398806296,1.2945788451667994,0.006944058681121795,0.7841607279358911
Qwen2.5-3B-Instruct,24,pns,Jailbreak_vs_Refusal,0.6978021224410107,0.9413778411445038,0.24357571870349315,0.31903904207785716,0.2014813657926153,0.6315257357857992,0.09641292137438154,0.01181127263191704,0.22262612070347565,0.18967009316069827,1.2945788451667994,0.006944058681121795,0.7841607279358911
Qwen2.5-3B-Instruct,26,pns,Jailbreak_vs_Benign,0.8159983345550038,0.7439371270716982,-0.07206120748330558,0.4763683004049174,0.2888110513185621,0.6062768053060418,0.08765256063970703,0.0739537875340742,0.38871573976521034,0.21485726378448788,1.1464678388307021,-0.2568701242563709,0.8099396064625939
Qwen2.5-3B-Instruct,26,pns,Jailbreak_vs_Refusal,0.602788794930853,0.9088898705516192,0.30610107562076616,0.41454059266459387,0.22881086854999733,0.5519625160933973,0.16466016836238173,0.020846987852786703,0.24988042430221213,0.2079638806972106,1.1464678388307021,-0.2568701242563709,0.8099396064625939
Qwen2.5-3B-Instruct,28,pns,Jailbreak_vs_Benign,0.753925078450592,0.636219196426397,-0.11770588202419496,0.39076429368554333,0.24944933430472208,0.6383626609074459,0.09615729291297992,0.09074487928427213,0.2946070007725634,0.15870445502044994,0.7243699587606499,-0.4907503774045005,0.7951797229737081
Qwen2.5-3B-Instruct,28,pns,Jailbreak_vs_Refusal,0.5689664196969304,0.8722810902528678,0.3033146705559374,0.5383397113130812,0.25796433971936084,0.47918504672477524,0.23204249318659836,0.03294692422259562,0.3062972181264829,0.22501741549676524,0.7243699587606499,-0.4907503774045005,0.7951797229737081
Qwen2.5-3B-Instruct,30,pns,Jailbreak_vs_Benign,0.7991852531751648,0.6732615471725961,-0.12592370600256864,0.38641657139202235,0.22061671131600652,0.57092973658262,0.07759814595300982,0.07208396292326197,0.3088184254390125,0.14853274839274455,1.0024475744839012,-0.5388497301559042,0.7948364346916144
Qwen2.5-3B-Instruct,30,pns,Jailbreak_vs_Refusal,0.7025990005445275,0.9189367700360452,0.21633776949151773,0.5502223064701817,0.3124815516966652,0.5679187267076014,0.16363666386692732,0.025330763884680193,0.38658564260325434,0.287150787811985,1.0024475744839012,-0.5388497301559042,0.7948364346916144
Qwen2.5-3B-Instruct,32,pns,Jailbreak_vs_Benign,0.7671194560516238,0.6535294169316085,-0.11359003912001531,0.4109384252515298,0.26034572288798874,0.633539496163287,0.09569956400186538,0.0902021344083633,0.3152388612496644,0.1701435884796254,1.3745824921008492,-0.5134110771228203,0.8081334924496861
Qwen2.5-3B-Instruct,32,pns,Jailbreak_vs_Refusal,0.8223047657490625,0.9158194726560379,0.09351470690697539,0.5681173833907018,0.3979513438549799,0.7004738025791115,0.10095175152364047,0.03349975398295057,0.4671656318670614,0.3644515898720293,1.3745824921008492,-0.5134110771228203,0.8081334924496861
Qwen2.5-3B-Instruct,34,pns,Jailbreak_vs_Benign,0.7620133216263044,0.6439600344589327,-0.11805328716737173,0.47820649348470634,0.29328536286399404,0.6133027611708365,0.11380677496115757,0.10442131048779586,0.3643997185235488,0.1888640523761982,1.50775035819018,-0.3082046236386433,0.797251196917149
Qwen2.5-3B-Instruct,34,pns,Jailbreak_vs_Refusal,0.827847746541954,0.9237864637875886,0.09593871724563452,0.610292255012564,0.41953376182727026,0.6874309126184689,0.10506318696840528,0.03197415154935184,0.5052290680441587,0.3875596102779184,1.50775035819018,-0.3082046236386433,0.797251196917149
Qwen2.5-3B-Instruct,36,pns,Jailbreak_vs_Benign,0.6010887470259704,0.5885585469073311,-0.012530200118639256,0.3612640418402414,0.30171155167692165,0.835155223697422,0.14411229158495295,0.12413663923679655,0.21715175025528843,0.17757491244012513,0.6035151132956645,-0.15023764415961235,0.7753098343212872
Qwen2.5-3B-Instruct,36,pns,Jailbreak_vs_Refusal,0.6228696668187829,0.9047582358787887,0.2818885690600058,0.6290351093566211,0.37588911077680387,0.5975645956570919,0.23722822037434593,0.03580034202433626,0.3918068889822752,0.34008876875246763,0.6035151132956645,-0.15023764415961235,0.7753098343212872
Llama-3.1-8B-Instruct,2,pns,Jailbreak_vs_Benign,0.6221082891311911,0.6234560480270572,0.0013477588958661357,0.2986578096551581,0.24192474328531044,0.8100399034086742,0.11286031065491874,0.09109529891669044,0.18579749900023934,0.15082944436862,-0.5628970520870927,-0.4794390802535025,0.682437110773782
Llama-3.1-8B-Instruct,2,pns,Jailbreak_vs_Refusal,0.8192671731109187,0.8190941143648954,-0.0001730587460232469,0.17149126913319512,0.15198727512312182,0.8862682974552787,0.03099410185723861,0.02749539261141465,0.1404971672759565,0.12449188251170717,-0.5628970520870927,-0.4794390802535025,0.682437110773782
Llama-3.1-8B-Instruct,4,pns,Jailbreak_vs_Benign,0.6621243002628199,0.6860138198392652,0.02388951957644536,0.3712216093989844,0.3223856962580439,0.8684453924435949,0.12542676103324402,0.10122465330652207,0.2457948483657404,0.22116104295152184,-0.5708169565019526,-0.34673095687626115,0.6877499368438844
Llama-3.1-8B-Instruct,4,pns,Jailbreak_vs_Refusal,0.7584092691442387,0.7735762081137482,0.015166938969509491,0.1719606400301922,0.14682003761517892,0.8538002509725529,0.041544096703318635,0.03324354964171095,0.13041654332687358,0.11357648797346798,-0.5708169565019526,-0.34673095687626115,0.6877499368438844
Llama-3.1-8B-Instruct,6,pns,Jailbreak_vs_Benign,0.6056323169074346,0.7345505974119331,0.1289182805044985,0.3609559273113628,0.25334387286177174,0.7018692690513315,0.1423493527523106,0.0672499797005045,0.2186065745590522,0.18609389316126723,-0.45358426383073386,-0.4984125327470901,0.04144874564787726
Llama-3.1-8B-Instruct,6,pns,Jailbreak_vs_Refusal,0.7523763285853283,0.8739313546630977,0.12155502607776936,0.20512568588824093,0.14745311133711525,0.7188427460881347,0.05079397544109894,0.018589213996981532,0.154331710447142,0.1288638973401337,-0.45358426383073386,-0.4984125327470901,0.04144874564787726
Llama-3.1-8B-Instruct,8,pns,Jailbreak_vs_Benign,0.5300889705407997,0.7372649914623497,0.20717602092154996,0.3925335734541206,0.24276115894369354,0.6184468676335211,0.18445585559912442,0.0637818551676812,0.20807771785499618,0.17897930377601234,-0.5337067372943802,-0.5660762153628132,0.040906934220059865
Llama-3.1-8B-Instruct,8,pns,Jailbreak_vs_Refusal,0.6164346090354776,0.880426999190596,0.26399239015511833,0.24590020433395787,0.14000358957535258,0.5693512535077574,0.09431880801361046,0.016740649329613118,0.1515813963203474,0.12326294024573947,-0.5337067372943802,-0.5660762153628132,0.040906934220059865
Llama-3.1-8B-Instruct,10,pns,Jailbreak_vs_Benign,0.5987660539213252,0.8164266308200867,0.2176605768987615,0.4847440861464815,0.2825469035622271,0.5828784953486698,0.19449578252285388,0.05186808703827003,0.29024830362362763,0.23067881652395705,-0.4980641992299518,-0.5138072738827935,0.09229014713258354
Llama-3.1-8B-Instruct,10,pns,Jailbreak_vs_Refusal,0.5524136554612169,0.8821974000895428,0.32978374462832594,0.2792731032271732,0.12549611115007067,0.4493669805644926,0.1249988274014527,0.014783768172130046,0.1542742758257205,0.11071234297794064,-0.4980641992299518,-0.5138072738827935,0.09229014713258354
Llama-3.1-8B-Instruct,12,pns,Jailbreak_vs_Benign,0.8485991147090464,0.7899430261591981,-0.05865608854984827,0.44766243954870527,0.3225948905118944,0.7206208562798049,0.06777648965918198,0.06776330647743337,0.3798859498895233,0.25483158403446105,0.7405301926037569,-0.1967266111660619,0.7501068223153013
Llama-3.1-8B-Instruct,12,pns,Jailbreak_vs_Refusal,0.3762299937013025,0.8134674198175986,0.4372374261162961,0.2648172346336957,0.104506701573351,0.39463708515009704,0.16518504811546403,0.019493904690829386,0.09963218651823169,0.08501279688252161,0.7405301926037569,-0.1967266111660619,0.7501068223153013
Llama-3.1-8B-Instruct,14,pns,Jailbreak_vs_Benign,0.8571208413862103,0.8936176666226745,0.03649682523646425,0.454209208382421,0.27198438732965174,0.5988086157439916,0.06489702952831583,0.028934333766330624,0.3893121788541052,0.2430500535633211,1.2210591380661115,-0.30216096661073905,0.7713002947699962
Llama-3.1-8B-Instruct,14,pns,Jailbreak_vs_Refusal,0.7224048805819561,0.9523771976823979,0.22997231710044186,0.34611672889009315,0.16982543051602714,0.49065941152458414,0.09608031468882819,0.008087562905966442,0.250036414201265,0.1617378676100607,1.2210591380661115,-0.30216096661073905,0.7713002947699962
Llama-3.1-8B-Instruct,16,pns,Jailbreak_vs_Benign,0.8093417895386511,0.8148514351201107,0.00550964558145961,0.4869810870293714,0.32539899373898246,0.6681963682079436,0.09284694258154236,0.060247156704132644,0.394134144447829,0.2651518370348498,1.1345008208994216,-0.4840299554512632,0.7655970157658886
Llama-3.1-8B-Instruct,16,pns,Jailbreak_vs_Refusal,0.7697346135116986,0.9221739538086048,0.1524393402969062,0.47241786767608485,0.2638201805386212,0.55844666044577,0.10878148288441289,0.02053208155682096,0.36363638479167193,0.24328809898180026,1.1345008208994216,-0.4840299554512632,0.7655970157658886
Llama-3.1-8B-Instruct,18,pns,Jailbreak_vs_Benign,0.7214743251803615,0.7212695326104636,-0.00020479256989791583,0.5051646586454397,0.3823802241664137,0.7569417567565732,0.14070132744425345,0.1065810186024202,0.36446333120118624,0.2757992055639935,1.0947957998625342,-0.5137516504287267,0.7733051574584208
Llama-3.1-8B-Instruct,18,pns,Jailbreak_vs_Refusal,0.7538994302021385,0.917487432036869,0.16358800183473055,0.6007734880426042,0.35230612747257584,0.5864208965352876,0.14785069772673362,0.029069683286908427,0.45292279031587057,0.32323644418566744,1.0947957998625342,-0.5137516504287267,0.7733051574584208
Llama-3.1-8B-Instruct,20,pns,Jailbreak_vs_Benign,0.7371855189224035,0.7224962823255843,-0.0146892365968192,0.5480661038724266,0.40869994883727634,0.7457128728625214,0.1440397086854519,0.1134157552156877,0.4040263951869747,0.29528419362158864,0.7850229531252096,-0.5632944162695401,0.7648970321231503
Llama-3.1-8B-Instruct,20,pns,Jailbreak_vs_Refusal,0.662771341500104,0.9268441372871147,0.2640727957870107,0.7681931981453903,0.40720899858043447,0.5300867015791579,0.2590567616793148,0.02978972559560176,0.5091364364660755,0.3774192729848327,0.7850229531252096,-0.5632944162695401,0.7648970321231503
Llama-3.1-8B-Instruct,22,pns,Jailbreak_vs_Benign,0.6249139525815611,0.5794829986978383,-0.04543095388372287,0.5439493766784168,0.479996671001208,0.882428938391784,0.2040278216940309,0.2018467607244483,0.3399215549843859,0.2781499102767597,0.8029450075150533,-0.35039375486441926,0.752784836260007
Llama-3.1-8B-Instruct,22,pns,Jailbreak_vs_Refusal,0.7209311400561218,0.9175703704735803,0.19663923041745845,0.7953125400376798,0.49256422075648754,0.6193341560201617,0.22194696384738535,0.04060188623492687,0.5733655761902945,0.45196233452156065,0.8029450075150533,-0.35039375486441926,0.752784836260007
Llama-3.1-8B-Instruct,24,pns,Jailbreak_vs_Benign,0.6531793710831928,0.6028612773269626,-0.0503180937562302,0.5334417664792788,0.4313337314167176,0.8085863509779609,0.1850086089408361,0.17129932714063023,0.34843315753844273,0.26003440427608737,1.011368521858851,-0.4847276491407683,0.7633598409621295
Llama-3.1-8B-Instruct,24,pns,Jailbreak_vs_Refusal,0.7642223686005705,0.9283164823252488,0.1640941137246783,0.8467927410539178,0.5371520276141643,0.634337071602226,0.19965478677192322,0.03850494686550844,0.6471379542819946,0.4986470807486558,1.011368521858851,-0.4847276491407683,0.7633598409621295
Llama-3.1-8B-Instruct,26,pns,Jailbreak_vs_Benign,0.5760836742134577,0.5387546652839357,-0.03732900892952207,0.5048099160976433,0.4585148641717758,0.9082921106547502,0.21399716485272555,0.2114878419972015,0.2908127512449177,0.24702702217457428,1.1970780536453538,0.29136955279474014,0.683824152410955
Llama-3.1-8B-Instruct,26,pns,Jailbreak_vs_Refusal,0.8323577507924917,0.9251161521722544,0.09275840137976266,0.7896810203852636,0.57799020400081,0.7319287016912532,0.13238390241386583,0.043282130482324356,0.6572971179713978,0.5347080735184857,1.1970780536453538,0.29136955279474014,0.683824152410955
Llama-3.1-8B-Instruct,28,pns,Jailbreak_vs_Benign,0.5580660118913499,0.5041884655032811,-0.05387754638806874,0.6306175090826577,0.45390436281567387,0.7197776088963281,0.27869131076004183,0.22505101864239468,0.35192619832261585,0.22885334417327918,0.6484531840759487,-0.4488049306851302,0.775157975476433
Llama-3.1-8B-Instruct,28,pns,Jailbreak_vs_Refusal,0.6703311785553095,0.9094924735111707,0.23916129495586114,0.9322443756950191,0.6513083978511802,0.6986455642230164,0.3073319046338182,0.05894831207091271,0.6249124710612008,0.5923600857802676,0.6484531840759487,-0.4488049306851302,0.775157975476433
Llama-3.1-8B-Instruct,30,pns,Jailbreak_vs_Benign,0.6377233952682206,0.5719966081432077,-0.0657267871250129,0.5424839544107176,0.40208168811094025,0.7411863242069681,0.19652924512538414,0.17209232631498725,0.34595470928533345,0.22998936179595297,1.1536731216015377,-0.3205876322963945,0.7584051636710611
Llama-3.1-8B-Instruct,30,pns,Jailbreak_vs_Refusal,0.778497683121265,0.939620405628303,0.16112272250703796,0.9136710799133106,0.615537320239546,0.6736968409878403,0.2023802610658941,0.03716589371670519,0.7112908188474165,0.5783714265228408,1.1536731216015377,-0.3205876322963945,0.7584051636710611
Llama-3.1-8B-Instruct,32,pns,Jailbreak_vs_Benign,0.6245357806362145,0.5338676569545542,-0.09066812368166033,0.5183870232941212,0.3066879445701224,0.591619640903153,0.1946357790294438,0.142957170186263,0.3237512442646775,0.1637307743838594,0.9682598629953101,-0.6181457605206604,0.7635056306344568
Llama-3.1-8B-Instruct,32,pns,Jailbreak_vs_Refusal,0.7168975655489478,0.9341585014582499,0.21726093590930207,0.9536622009913038,0.5629047411861694,0.5902559004656434,0.2699840907445868,0.03706249169595342,0.6836781102467171,0.525842249490216,0.9682598629953101,-0.6181457605206604,0.7635056306344568
Mistral-7B-Instruct-v0.3,2,pns,Jailbreak_vs_Benign,0.6536910098866583,0.6377984987488357,-0.01589251113782264,0.186166354582195,0.17612856026177143,0.9460815873902083,0.06447108224844221,0.06379402894001979,0.12169527233375277,0.11233453132175164,0.235056560805033,0.3256636241470757,0.637232375809893
Mistral-7B-Instruct-v0.3,2,pns,Jailbreak_vs_Refusal,0.7727257588522326,0.8989058743511383,0.12618011549890573,0.466781688706478,0.1446027730741578,0.30978673022687275,0.10608745408243819,0.014618490910332748,0.3606942346240398,0.12998428216382507,0.235056560805033,0.3256636241470757,0.637232375809893
Mistral-7B-Instruct-v0.3,4,pns,Jailbreak_vs_Benign,0.6310903509104038,0.5800092479303335,-0.05108110298007029,0.21960839103990315,0.1898717432263547,0.8645923879650607,0.08101565447566152,0.07974437623441533,0.13859273656424165,0.11012736699193937,-0.3281037941947874,0.11458875875536875,0.7533636391406222
Mistral-7B-Instruct-v0.3,4,pns,Jailbreak_vs_Refusal,0.8125821621178161,0.9282426665744425,0.11566050445662646,0.6001542178982773,0.25049488262977593,0.4173841908618118,0.11247960591436822,0.017974844814260704,0.48767461198390905,0.23252003781551522,-0.3281037941947874,0.11458875875536875,0.7533636391406222
Mistral-7B-Instruct-v0.3,6,pns,Jailbreak_vs_Benign,0.5685220674311157,0.5404544392783402,-0.028067628152775415,0.3296358067288939,0.2986999331245307,0.9061513556086273,0.14223057638805947,0.13726622825523474,0.18740523034083445,0.16143370486929598,-0.3660913256231597,0.18886899631260806,0.7379967133876386
Mistral-7B-Instruct-v0.3,6,pns,Jailbreak_vs_Refusal,0.7370562977881183,0.9053552277383012,0.16829892995018292,0.7943100468969523,0.3085426733578693,0.38844110629497963,0.208858824435178,0.029201951052971242,0.5854512224617743,0.27934072230489804,-0.3660913256231597,0.18886899631260806,0.7379967133876386
Mistral-7B-Instruct-v0.3,8,pns,Jailbreak_vs_Benign,0.6055098292115445,0.5752502598969387,-0.030259569314605828,0.22542530808875266,0.20843297717560266,0.9246210150172672,0.08892806828797224,0.08853185288424453,0.13649723980078043,0.11990112429135813,-0.4774817982393279,0.202122117970354,0.7262788123340141
Mistral-7B-Instruct-v0.3,8,pns,Jailbreak_vs_Refusal,0.747094221391544,0.9415370929230865,0.1944428715315425,0.7903677963737298,0.4113978881549613,0.5205144871064933,0.19988858292894776,0.024051516506841966,0.590479213444782,0.38734637164811936,-0.4774817982393279,0.202122117970354,0.7262788123340141
Mistral-7B-Instruct-v0.3,10,pns,Jailbreak_vs_Benign,0.5677783684942579,0.556936848397031,-0.010841520097226942,0.3946321276352875,0.36329335300693727,0.9205873712914905,0.17056854205110622,0.1609618979396636,0.22406358558418127,0.20233145506727368,-0.3908631391738598,0.1353726836314898,0.7141869298555747
Mistral-7B-Instruct-v0.3,10,pns,Jailbreak_vs_Refusal,0.7150356651419569,0.9040323816282286,0.1889967164862717,0.8198993751210262,0.41631067661157656,0.5077582557617202,0.23364208008188836,0.03995234413715371,0.5862572950391378,0.37635833247442285,-0.3908631391738598,0.1353726836314898,0.7141869298555747
Mistral-7B-Instruct-v0.3,12,pns,Jailbreak_vs_Benign,0.4773575779101449,0.5037341001286701,0.026376522218525267,0.45494182274575423,0.3954815778518747,0.8693014316973248,0.23777189614981453,0.19626402111519398,0.2171699265959397,0.19921755673668073,-0.5414250615701212,-0.11915933996669821,0.6858158720326217
Mistral-7B-Instruct-v0.3,12,pns,Jailbreak_vs_Refusal,0.6666700794666418,0.8842421316746459,0.21757205220800413,0.7562646474413558,0.4204644577235697,0.5559752913826035,0.2520856348338153,0.04867206933265637,0.5041790126075405,0.37179238839091333,-0.5414250615701212,-0.11915933996669821,0.6858158720326217
Mistral-7B-Instruct-v0.3,14,pns,Jailbreak_vs_Benign,0.47016012972726917,0.4889362357213849,0.01877610599411572,0.45054394712223267,0.3660150940871816,0.8123848881447332,0.23871614649540784,0.18705705176698648,0.21182780062682482,0.17895804232019508,-0.7520235959029056,-0.29053296297844133,0.6548759298239578
Mistral-7B-Instruct-v0.3,14,pns,Jailbreak_vs_Refusal,0.6228127696271427,0.8825887506481472,0.2597759810210045,0.6220922895413933,0.36480549936261863,0.5864170083695354,0.23464526772842775,0.0428322694505916,0.38744702181296553,0.32197322991202704,-0.7520235959029056,-0.29053296297844133,0.6548759298239578
Mistral-7B-Instruct-v0.3,16,pns,Jailbreak_vs_Benign,0.5470361861362547,0.536312287553229,-0.010723898583025693,0.441525417825788,0.34191810622732105,0.7744018632291542,0.19999503717615266,0.15854322452067854,0.2415303806496354,0.1833748817066425,-1.0655455948247217,-0.5561072183755977,0.6691214143851731
Mistral-7B-Instruct-v0.3,16,pns,Jailbreak_vs_Refusal,0.6955401110695527,0.8592593575189097,0.16371924644935698,0.6783902113840092,0.4178847010799693,0.6159945914128494,0.20654260840947813,0.05881336131301322,0.4718476029745311,0.35907133976695604,-1.0655455948247217,-0.5561072183755977,0.6691214143851731
Mistral-7B-Instruct-v0.3,18,pns,Jailbreak_vs_Benign,0.7510492421689943,0.744127113950351,-0.006922128218643242,0.46923287216905424,0.2631102664203583,0.5607242843071009,0.1168158791257055,0.06732278321826911,0.3524169930433487,0.19578748320208916,0.1328349048465677,0.024350608129780776,0.7445116845151283
Mistral-7B-Instruct-v0.3,18,pns,Jailbreak_vs_Refusal,0.6071680880045237,0.9428957746493585,0.33572768664483477,0.8108018752367249,0.38158067453306016,0.4706213517595188,0.31850885089876024,0.021789868827985684,0.4922930243379646,0.3597908057050745,0.1328349048465677,0.024350608129780776,0.7445116845151283
Mistral-7B-Instruct-v0.3,20,pns,Jailbreak_vs_Benign,0.7421644425217323,0.7240721780341264,-0.018092264487605925,0.506586668839492,0.30298440983995756,0.5980899784316192,0.130616056171289,0.08360182829675514,0.375970612668203,0.21938258154320245,0.06765500845968214,0.02588589914542682,0.72975391681082
Mistral-7B-Instruct-v0.3,20,pns,Jailbreak_vs_Refusal,0.6294434197663571,0.9340483813415155,0.3046049615751584,0.8391650271468878,0.3958200939092181,0.47168325788669163,0.31095812271122275,0.026104975890866283,0.528206904435665,0.3697151180183518,0.06765500845968214,0.02588589914542682,0.72975391681082
Mistral-7B-Instruct-v0.3,22,pns,Jailbreak_vs_Benign,0.7081766902012723,0.7136641549210214,0.005487464719749147,0.5437251689941713,0.32168525475335863,0.5916320838125613,0.15867167843675165,0.09211001926924947,0.38505349055741966,0.22957523548410919,0.01471022749173982,0.0010013416041309495,0.7255278396183696
Mistral-7B-Instruct-v0.3,22,pns,Jailbreak_vs_Refusal,0.6412667740150322,0.9173597821942305,0.27609300817919835,0.8317081481944335,0.38517521438712155,0.46311343134404015,0.29836134707977274,0.031830963610335654,0.5333468011146607,0.3533442507767859,0.01471022749173982,0.0010013416041309495,0.7255278396183696
Mistral-7B-Instruct-v0.3,24,pns,Jailbreak_vs_Benign,0.6798313770442934,0.6851454774005656,0.005314100356272222,0.5525305116480227,0.3174851789242779,0.5746020757791649,0.1769029330553594,0.09996164444259951,0.37562757859266327,0.21752353448167838,-0.09896383972653994,-0.08980165584809431,0.7214877828613131
Mistral-7B-Instruct-v0.3,24,pns,Jailbreak_vs_Refusal,0.6522780887459184,0.9080880789724496,0.25580999022653117,0.7994811316563626,0.3896267759075219,0.48734955770662697,0.2779971071111265,0.035811345457431226,0.5214840245452361,0.3538154304500907,-0.09896383972653994,-0.08980165584809431,0.7214877828613131
Mistral-7B-Instruct-v0.3,26,pns,Jailbreak_vs_Benign,0.6462468172918393,0.6847773150823152,0.038530497790475904,0.5258956826582515,0.30813225764238744,0.5859189717718682,0.18603727151283728,0.09713027756378118,0.33985841114541415,0.21100198007860627,-0.2930691127007252,-0.2131538144766912,0.7257657162773957
Mistral-7B-Instruct-v0.3,26,pns,Jailbreak_vs_Refusal,0.6785377747405819,0.9204213344200578,0.24188355967947595,0.7740101777301012,0.41133528860643714,0.531433953249476,0.24881503410655606,0.032733513373240666,0.5251951436235451,0.3786017752331965,-0.2930691127007252,-0.2131538144766912,0.7257657162773957
Mistral-7B-Instruct-v0.3,28,pns,Jailbreak_vs_Benign,0.5986008579042651,0.6517822698050253,0.0531814119007602,0.5615542250206852,0.33617770931319485,0.5986558275842578,0.22540738416353837,0.11706303887918673,0.33614684085714686,0.21911467043400812,-0.44113112227252166,-0.3496142417675902,0.7169653916009883
Mistral-7B-Instruct-v0.3,28,pns,Jailbreak_vs_Refusal,0.7427150260088454,0.926449293713474,0.18373426770462853,0.8474961632949797,0.5298753261128947,0.6252244541766334,0.21804802833095216,0.03897270447940666,0.6294481349640275,0.49090262163348797,-0.44113112227252166,-0.3496142417675902,0.7169653916009883
Mistral-7B-Instruct-v0.3,30,pns,Jailbreak_vs_Benign,0.5548070440700049,0.6056667456504424,0.05085970158043751,0.501480343346877,0.3569316095443008,0.7117559327692513,0.22325551639538496,0.14075000317182976,0.278224826951492,0.21618160637247108,-0.8147772530768828,-0.49817255848052333,0.7012767617741414
Mistral-7B-Instruct-v0.3,30,pns,Jailbreak_vs_Refusal,0.7903597084220456,0.919440279328306,0.12908057090626035,0.9194150795765009,0.6198813502587073,0.674212729406435,0.1927464453635858,0.04993746842643394,0.7266686342129152,0.5699438818322733,-0.8147772530768828,-0.49817255848052333,0.7012767617741414
Mistral-7B-Instruct-v0.3,32,pns,Jailbreak_vs_Benign,0.544849503585446,0.6137440929293496,0.06889458934390358,0.45756172639222126,0.3359140626692017,0.7341393374787135,0.2082594469077198,0.12974879097407982,0.24930227948450145,0.2061652716951219,-0.8373664120148122,-0.5143669250991206,0.7004402900645929
Mistral-7B-Instruct-v0.3,32,pns,Jailbreak_vs_Refusal,0.7530811993268617,0.9139817769906643,0.1609005776638026,0.8168963403096657,0.4959265290190054,0.6070862416044264,0.2017070646235385,0.04265871876940258,0.6151892756861272,0.45326781024960283,-0.8373664120148122,-0.5143669250991206,0.7004402900645929
