space,layer,held_out,detector,indist_auc,ood_auc,auc_drop
rawpca,2,aegis-2.0,linear_probe,0.7671392339544513,0.5508441558441558,0.21629507811029547
rawpca,2,aegis-2.0,plain_voronoi,0.6759518633540372,0.5018181818181818,0.1741336815358554
rawpca,2,aegis-2.0,lda,0.765484989648033,0.5415584415584416,0.22392654808959145
rawpca,2,aegis-2.0,qda,0.7900962732919254,0.5867532467532468,0.20334302653867864
rawpca,2,aegis-2.0,power_single,0.6759518633540372,0.5018181818181818,0.1741336815358554
rawpca,2,aegis-2.0,power_multi,0.6745424430641822,0.5747402597402598,0.09980218332392243
rawpca,2,toxic-chat,linear_probe,0.7311422999565123,0.655704589528119,0.0754377104283932
rawpca,2,toxic-chat,plain_voronoi,0.6253969952707111,0.7388897866839044,-0.11349279141319324
rawpca,2,toxic-chat,lda,0.7320881577516851,0.6524725274725275,0.07961563027915763
rawpca,2,toxic-chat,qda,0.7735402737008045,0.6699660633484164,0.10357421035238812
rawpca,2,toxic-chat,power_single,0.6253969952707111,0.7388897866839044,-0.11349279141319324
rawpca,2,toxic-chat,power_multi,0.6870396417699499,0.609486102133161,0.0775535396367889
rawpca,2,wildjailbreak,linear_probe,0.78603745777458,0.638538037166086,0.14749942060849397
rawpca,2,wildjailbreak,plain_voronoi,0.7184152467767317,0.5876524390243901,0.13076280775234161
rawpca,2,wildjailbreak,lda,0.7813265462931966,0.6444904181184669,0.1368361281747298
rawpca,2,wildjailbreak,qda,0.7650612668162102,0.6448533681765389,0.1202078986396713
rawpca,2,wildjailbreak,power_single,0.7184152467767317,0.5876524390243901,0.13076280775234161
rawpca,2,wildjailbreak,power_multi,0.6437079607152203,0.6437645180023228,-5.655728710252106e-05
rawpca,4,aegis-2.0,linear_probe,0.7788742236024845,0.497987012987013,0.2808872106154715
rawpca,4,aegis-2.0,plain_voronoi,0.6984120082815733,0.4477922077922078,0.25061980048936555
rawpca,4,aegis-2.0,lda,0.7800269151138718,0.4948051948051948,0.285221720308677
rawpca,4,aegis-2.0,qda,0.8204974120082816,0.49123376623376624,0.3292636457745154
rawpca,4,aegis-2.0,power_single,0.6984120082815733,0.4477922077922078,0.25061980048936555
rawpca,4,aegis-2.0,power_multi,0.6666180124223601,0.5741558441558442,0.09246216826651588
rawpca,4,toxic-chat,linear_probe,0.7620780332681016,0.6129605688429217,0.14911746442517992
rawpca,4,toxic-chat,plain_voronoi,0.6730138345292456,0.7082659987071751,-0.035252164177929535
rawpca,4,toxic-chat,lda,0.7619909729017178,0.6181318681318682,0.14385910476984964
rawpca,4,toxic-chat,qda,0.8024297061861274,0.5903361344537815,0.2120935717323459
rawpca,4,toxic-chat,power_single,0.6730138345292456,0.7082659987071751,-0.035252164177929535
rawpca,4,toxic-chat,power_multi,0.6392377249130246,0.4932530704589528,0.14598465445407177
rawpca,4,wildjailbreak,linear_probe,0.7880347246130273,0.5991216608594657,0.18891306375356154
rawpca,4,wildjailbreak,plain_voronoi,0.7386232299274639,0.5568742740998838,0.1817489558275801
rawpca,4,wildjailbreak,lda,0.7870451100710034,0.6039488966318234,0.18309621343918003
rawpca,4,wildjailbreak,qda,0.7863307772733428,0.5920441347270615,0.19428664254628125
rawpca,4,wildjailbreak,power_single,0.7386232299274639,0.5568742740998838,0.1817489558275801
rawpca,4,wildjailbreak,power_multi,0.674328155693716,0.6181765389082463,0.05615161678546965
rawpca,6,aegis-2.0,linear_probe,0.7563949275362318,0.5374675324675324,0.2189273950686994
rawpca,6,aegis-2.0,plain_voronoi,0.6833757763975157,0.4642857142857143,0.21909006211180138
rawpca,6,aegis-2.0,lda,0.7572437888198758,0.5375324675324675,0.21971132128740822
rawpca,6,aegis-2.0,qda,0.8128783643892341,0.5394805194805196,0.27339784490871455
rawpca,6,aegis-2.0,power_single,0.6833757763975157,0.4642857142857143,0.21909006211180138
rawpca,6,aegis-2.0,power_multi,0.6870129399585923,0.6012337662337661,0.08577917372482613
rawpca,6,toxic-chat,linear_probe,0.7426277281746032,0.6114253393665159,0.13120238880808732
rawpca,6,toxic-chat,plain_voronoi,0.6373359867634267,0.7147301228183581,-0.0773941360549314
rawpca,6,toxic-chat,lda,0.7446343634485759,0.6160310277957337,0.1286033356528422
rawpca,6,toxic-chat,qda,0.7863498688573604,0.6054056237879768,0.18094424506938356
rawpca,6,toxic-chat,power_single,0.6373359867634267,0.7147301228183581,-0.0773941360549314
rawpca,6,toxic-chat,power_multi,0.6862217839475974,0.4469537815126051,0.23926800243499224
rawpca,6,wildjailbreak,linear_probe,0.7850041535478486,0.6013719512195121,0.18363220232833644
rawpca,6,wildjailbreak,plain_voronoi,0.7262190722498927,0.561048199767712,0.16517087248218065
rawpca,6,wildjailbreak,lda,0.7825002313041705,0.6043481416957026,0.17815208960846785
rawpca,6,wildjailbreak,qda,0.7855400247545099,0.5938951800232287,0.19164484473128118
rawpca,6,wildjailbreak,power_single,0.7262190722498927,0.561048199767712,0.16517087248218065
rawpca,6,wildjailbreak,power_multi,0.6404611847776839,0.5107070267131243,0.1297541580645596
rawpca,8,aegis-2.0,linear_probe,0.7880093167701864,0.5075974025974026,0.28041191417278377
rawpca,8,aegis-2.0,plain_voronoi,0.6711288819875778,0.46207792207792214,0.20905095990965566
rawpca,8,aegis-2.0,lda,0.7884409937888199,0.4957792207792208,0.2926617730095991
rawpca,8,aegis-2.0,qda,0.8261537267080745,0.5448701298701298,0.2812835968379447
rawpca,8,aegis-2.0,power_single,0.6711288819875778,0.46207792207792214,0.20905095990965566
rawpca,8,aegis-2.0,power_multi,0.6967639751552795,0.6229220779220779,0.07384189723320167
rawpca,8,toxic-chat,linear_probe,0.7685169330289193,0.5846396250808016,0.18387730794811774
rawpca,8,toxic-chat,plain_voronoi,0.6548085351435095,0.6505332902391725,0.00427524490433695
rawpca,8,toxic-chat,lda,0.767609551668841,0.5876292824822237,0.17998026918661736
rawpca,8,toxic-chat,qda,0.818472850755599,0.5428652230122819,0.27560762774331704
rawpca,8,toxic-chat,power_single,0.6548085351435095,0.6505332902391725,0.00427524490433695
rawpca,8,toxic-chat,power_multi,0.7375531705262013,0.5343002585649644,0.20325291196123685
rawpca,8,wildjailbreak,linear_probe,0.7662934032844795,0.5486716027874565,0.21762180049702295
rawpca,8,wildjailbreak,plain_voronoi,0.7147915740953624,0.5646051103368177,0.15018646375854472
rawpca,8,wildjailbreak,lda,0.766520726640562,0.5483812427409989,0.21813948389956317
rawpca,8,wildjailbreak,qda,0.7939202939727097,0.5691419860627177,0.22477830790999198
rawpca,8,wildjailbreak,power_single,0.7147915740953624,0.5646051103368177,0.15018646375854472
rawpca,8,wildjailbreak,power_multi,0.6389256229031235,0.5459494773519163,0.09297614555120715
rawpca,10,aegis-2.0,linear_probe,0.7974974120082816,0.5052597402597403,0.2922376717485413
rawpca,10,aegis-2.0,plain_voronoi,0.6794513457556935,0.455974025974026,0.22347731978166757
rawpca,10,aegis-2.0,lda,0.7993343685300207,0.4944805194805195,0.3048538490495012
rawpca,10,aegis-2.0,qda,0.8405315734989648,0.5615584415584416,0.2789731319405232
rawpca,10,aegis-2.0,power_single,0.6794513457556935,0.455974025974026,0.22347731978166757
rawpca,10,aegis-2.0,power_multi,0.7600895445134574,0.6573376623376624,0.102751882175795
rawpca,10,toxic-chat,linear_probe,0.8005230416938465,0.6005979314802845,0.19992511021356196
rawpca,10,toxic-chat,plain_voronoi,0.664502813111546,0.6248383968972204,0.03966441621432559
rawpca,10,toxic-chat,lda,0.8001758194716242,0.6020119586296057,0.19816386084201854
rawpca,10,toxic-chat,qda,0.8279502847086324,0.534461861667744,0.2934884230408884
rawpca,10,toxic-chat,power_single,0.664502813111546,0.6248383968972204,0.03966441621432559
rawpca,10,toxic-chat,power_multi,0.7875618340943684,0.49511150614091787,0.29245032795345055
rawpca,10,wildjailbreak,linear_probe,0.780696892661761,0.5994120209059233,0.18128487175583774
rawpca,10,wildjailbreak,plain_voronoi,0.7213275946073765,0.5515026132404182,0.16982498136695834
rawpca,10,wildjailbreak,lda,0.779741695783196,0.600246806039489,0.17949488974370698
rawpca,10,wildjailbreak,qda,0.7935599856095055,0.5351698606271778,0.2583901249823277
rawpca,10,wildjailbreak,power_single,0.7213275946073765,0.5515026132404182,0.16982498136695834
rawpca,10,wildjailbreak,power_multi,0.6899271004701928,0.5622096399535423,0.12771746051665045
rawpca,12,aegis-2.0,linear_probe,0.8192479296066253,0.5237012987012988,0.2955466309053265
rawpca,12,aegis-2.0,plain_voronoi,0.6884699792960662,0.45012987012987016,0.23834010916619608
rawpca,12,aegis-2.0,lda,0.8206940993788819,0.5068181818181818,0.3138759175607001
rawpca,12,aegis-2.0,qda,0.8435408902691511,0.6148701298701298,0.22867076039902134
rawpca,12,aegis-2.0,power_single,0.6884699792960662,0.45012987012987016,0.23834010916619608
rawpca,12,aegis-2.0,power_multi,0.7731521739130434,0.5911038961038961,0.18204827780914723
rawpca,12,toxic-chat,linear_probe,0.7865598329799957,0.7502020038784745,0.03635782910152119
rawpca,12,toxic-chat,plain_voronoi,0.6503371147260275,0.6953781512605042,-0.045041036534476664
rawpca,12,toxic-chat,lda,0.7865878621711241,0.7596153846153847,0.026972477555739394
rawpca,12,toxic-chat,qda,0.8315679189769515,0.634817388493859,0.19675053048309243
rawpca,12,toxic-chat,power_single,0.6503371147260275,0.6953781512605042,-0.045041036534476664
rawpca,12,toxic-chat,power_multi,0.7383911584040008,0.5426632191338074,0.19572793927019339
rawpca,12,wildjailbreak,linear_probe,0.7929943327500101,0.6545804297328688,0.1384139030171413
rawpca,12,wildjailbreak,plain_voronoi,0.7409351002192327,0.5613022648083623,0.17963283541087038
rawpca,12,wildjailbreak,lda,0.7913307494771334,0.6489184088269454,0.14241234065018804
rawpca,12,wildjailbreak,qda,0.7947820360246814,0.5320121951219512,0.26276984090273026
rawpca,12,wildjailbreak,power_single,0.7409351002192327,0.5613022648083623,0.17963283541087038
rawpca,12,wildjailbreak,power_multi,0.7199225160810998,0.6092479674796748,0.110674548601425
rawpca,14,aegis-2.0,linear_probe,0.7999937888198758,0.5143506493506493,0.2856431394692265
rawpca,14,aegis-2.0,plain_voronoi,0.690253105590062,0.44980519480519476,0.24044791078486727
rawpca,14,aegis-2.0,lda,0.801083850931677,0.5030519480519481,0.2980319028797289
rawpca,14,aegis-2.0,qda,0.828994824016563,0.5807142857142857,0.24828053830227725
rawpca,14,aegis-2.0,power_single,0.690253105590062,0.44980519480519476,0.24044791078486727
rawpca,14,aegis-2.0,power_multi,0.7796278467908901,0.6349350649350649,0.14469278185582524
rawpca,14,toxic-chat,linear_probe,0.7330024190041314,0.7693923723335488,-0.03638995332941741
rawpca,14,toxic-chat,plain_voronoi,0.646725510980648,0.6663703943115707,-0.019644883330922736
rawpca,14,toxic-chat,lda,0.7304511680528376,0.7746040723981901,-0.04415290434535246
rawpca,14,toxic-chat,qda,0.8040384968199609,0.6597446670976084,0.1442938297223525
rawpca,14,toxic-chat,power_single,0.646725510980648,0.6663703943115707,-0.019644883330922736
rawpca,14,toxic-chat,power_multi,0.6361370168786693,0.5587427278603749,0.07739428901829437
rawpca,14,wildjailbreak,linear_probe,0.775711692157776,0.6109538327526132,0.16475785940516285
rawpca,14,wildjailbreak,plain_voronoi,0.7165487213942261,0.574078106852497,0.14247061454172905
rawpca,14,wildjailbreak,lda,0.7796372912355773,0.6034770615563299,0.1761602296792475
rawpca,14,wildjailbreak,qda,0.7846468233499276,0.46951219512195125,0.3151346282279764
rawpca,14,wildjailbreak,power_single,0.7165487213942261,0.574078106852497,0.14247061454172905
rawpca,14,wildjailbreak,power_multi,0.7205184767359627,0.42740998838559807,0.2931084883503646
rawpca,16,aegis-2.0,linear_probe,0.8104037267080745,0.5433766233766234,0.2670271033314511
rawpca,16,aegis-2.0,plain_voronoi,0.6854591097308489,0.4697402597402598,0.2157188499905891
rawpca,16,aegis-2.0,lda,0.8099720496894409,0.5301948051948052,0.2797772444946357
rawpca,16,aegis-2.0,qda,0.8237432712215321,0.5347402597402597,0.2890030114812724
rawpca,16,aegis-2.0,power_single,0.6854591097308489,0.4697402597402598,0.2157188499905891
rawpca,16,aegis-2.0,power_multi,0.7828669772256729,0.6723376623376622,0.11052931488801065
rawpca,16,toxic-chat,linear_probe,0.7772123525494673,0.6567954104718811,0.12041694207758624
rawpca,16,toxic-chat,plain_voronoi,0.6541734616220918,0.640150290885585,0.01402317073650683
rawpca,16,toxic-chat,lda,0.7764378975048924,0.657967032967033,0.11847086453785949
rawpca,16,toxic-chat,qda,0.8052698276799303,0.4796784098254686,0.32559141785446166
rawpca,16,toxic-chat,power_single,0.6541734616220918,0.640150290885585,0.01402317073650683
rawpca,16,toxic-chat,power_multi,0.6738717825886062,0.4747091144149968,0.19916266817360945
rawpca,16,wildjailbreak,linear_probe,0.7821778250578062,0.6494991289198606,0.13267869613794558
rawpca,16,wildjailbreak,plain_voronoi,0.7134376604486545,0.5568742740998839,0.15656338634877065
rawpca,16,wildjailbreak,lda,0.7829520983954043,0.6402439024390245,0.14270819595637974
rawpca,16,wildjailbreak,qda,0.7877680100574628,0.4647212543554007,0.3230467557020621
rawpca,16,wildjailbreak,power_single,0.7134376604486545,0.5568742740998839,0.15656338634877065
rawpca,16,wildjailbreak,power_multi,0.6768217635582962,0.429006968641115,0.24781479491718117
rawpca,18,aegis-2.0,linear_probe,0.8173431677018634,0.5783766233766234,0.23896654432524
rawpca,18,aegis-2.0,plain_voronoi,0.699266563146998,0.4694805194805195,0.22978604366647848
rawpca,18,aegis-2.0,lda,0.818718944099379,0.5637662337662338,0.25495271033314515
rawpca,18,aegis-2.0,qda,0.8267650103519669,0.5387012987012988,0.28806371165066813
rawpca,18,aegis-2.0,power_single,0.699266563146998,0.4694805194805195,0.22978604366647848
rawpca,18,aegis-2.0,power_multi,0.7501045548654244,0.7264935064935065,0.023611048371917853
rawpca,18,toxic-chat,linear_probe,0.7950176838714939,0.6559065934065934,0.13911109046490044
rawpca,18,toxic-chat,plain_voronoi,0.6740124381659056,0.6283532643826761,0.04565917378322948
rawpca,18,toxic-chat,lda,0.7917037841106763,0.656068196509373,0.13563558760130334
rawpca,18,toxic-chat,qda,0.8189935142150467,0.5085649644473174,0.3104285497677294
rawpca,18,toxic-chat,power_single,0.6740124381659056,0.6283532643826761,0.04565917378322948
rawpca,18,toxic-chat,power_multi,0.7489271614753207,0.43422753716871365,0.31469962430660703
rawpca,18,wildjailbreak,linear_probe,0.8072270144210705,0.6141840882694541,0.19304292615161633
rawpca,18,wildjailbreak,plain_voronoi,0.7142706929872944,0.6141114982578397,0.10015919472945467
rawpca,18,wildjailbreak,lda,0.8048217786476668,0.6099738675958188,0.19484791105184796
rawpca,18,wildjailbreak,qda,0.7904072899132718,0.5092915214866435,0.28111576842662833
rawpca,18,wildjailbreak,power_single,0.7142706929872944,0.6141114982578397,0.10015919472945467
rawpca,18,wildjailbreak,power_multi,0.7022789218565167,0.4495499419279907,0.25272897992852605
rawpca,20,aegis-2.0,linear_probe,0.8930020703933748,0.7385714285714285,0.1544306418219462
rawpca,20,aegis-2.0,plain_voronoi,0.7240227743271221,0.5018831168831168,0.22213965744400532
rawpca,20,aegis-2.0,lda,0.8867199792960662,0.7294155844155844,0.15730439488048176
rawpca,20,aegis-2.0,qda,0.8876278467908904,0.680064935064935,0.2075629117259553
rawpca,20,aegis-2.0,power_single,0.7240227743271221,0.5018831168831168,0.22213965744400532
rawpca,20,aegis-2.0,power_multi,0.8130522774327122,0.7051948051948052,0.10785747223790709
rawpca,20,toxic-chat,linear_probe,0.8431558660850185,0.8320539754363284,0.01110189064869005
rawpca,20,toxic-chat,plain_voronoi,0.7414275691726463,0.6437055591467357,0.09772201002591063
rawpca,20,toxic-chat,lda,0.8384490004620571,0.8362960568842922,0.0021529435777648542
rawpca,20,toxic-chat,qda,0.8358478915253317,0.778038138332256,0.057809753193075686
rawpca,20,toxic-chat,power_single,0.7414275691726463,0.6437055591467357,0.09772201002591063
rawpca,20,toxic-chat,power_multi,0.7748949330017395,0.6167178409825469,0.1581770920191926
rawpca,20,wildjailbreak,linear_probe,0.8995012466599877,0.7497459349593495,0.14975531170063816
rawpca,20,wildjailbreak,plain_voronoi,0.7672214889317479,0.727424506387921,0.03979698254382691
rawpca,20,wildjailbreak,lda,0.899043472874275,0.7411077235772358,0.15793574929703924
rawpca,20,wildjailbreak,qda,0.8745166537017205,0.6271414053426249,0.24737524835909563
rawpca,20,wildjailbreak,power_single,0.7672214889317479,0.727424506387921,0.03979698254382691
rawpca,20,wildjailbreak,power_multi,0.804941977398505,0.502177700348432,0.302764277050073
rawpca,22,aegis-2.0,linear_probe,0.8950698757763975,0.7809090909090909,0.11416078486730663
rawpca,22,aegis-2.0,plain_voronoi,0.7438969979296066,0.5066883116883116,0.23720868624129499
rawpca,22,aegis-2.0,lda,0.8858664596273294,0.7635064935064935,0.12235996612083588
rawpca,22,aegis-2.0,qda,0.88272049689441,0.7394155844155844,0.1433049124788256
rawpca,22,aegis-2.0,power_single,0.7438969979296066,0.5066883116883116,0.23720868624129499
rawpca,22,aegis-2.0,power_multi,0.8209792960662525,0.7602597402597403,0.060719555806512227
rawpca,22,toxic-chat,linear_probe,0.841715250597956,0.8512039431157078,-0.009488692517751751
rawpca,22,toxic-chat,plain_voronoi,0.7958729139486845,0.688267614738203,0.10760529921048156
rawpca,22,toxic-chat,lda,0.8366912304305284,0.8516887524240465,-0.014997521993518115
rawpca,22,toxic-chat,qda,0.8371409715427266,0.7857142857142857,0.0514266858284409
rawpca,22,toxic-chat,power_single,0.7958729139486845,0.688267614738203,0.10760529921048156
rawpca,22,toxic-chat,power_multi,0.8009614012557078,0.6396654815772462,0.16129591967846157
rawpca,22,wildjailbreak,linear_probe,0.8826739278307164,0.7657883275261325,0.11688560030458395
rawpca,22,wildjailbreak,plain_voronoi,0.8266178287269058,0.7904689314750291,0.036148897251876755
rawpca,22,wildjailbreak,lda,0.8826197252225583,0.7442290940766552,0.1383906311459031
rawpca,22,wildjailbreak,qda,0.8653564029957961,0.7434668989547037,0.12188950404109233
rawpca,22,wildjailbreak,power_single,0.8266178287269058,0.7904689314750291,0.036148897251876755
rawpca,22,wildjailbreak,power_multi,0.8155678825125708,0.5601771196283392,0.2553907628842317
rawpca,24,aegis-2.0,linear_probe,0.9132536231884059,0.7750649350649351,0.13818868812347074
rawpca,24,aegis-2.0,plain_voronoi,0.8126873706004141,0.5938961038961039,0.21879126670431015
rawpca,24,aegis-2.0,lda,0.9068385093167702,0.7417532467532468,0.1650852625635234
rawpca,24,aegis-2.0,qda,0.8816449275362317,0.7654545454545456,0.11619038208168608
rawpca,24,aegis-2.0,power_single,0.8126873706004141,0.5938961038961039,0.21879126670431015
rawpca,24,aegis-2.0,power_multi,0.83725,0.7211688311688312,0.11608116883116881
rawpca,24,toxic-chat,linear_probe,0.8504811677810394,0.8979880413703943,-0.0475068735893549
rawpca,24,toxic-chat,plain_voronoi,0.8207981694390085,0.7899563671622496,0.030841802276758923
rawpca,24,toxic-chat,lda,0.8467796158132203,0.901139301874596,-0.054359686061375756
rawpca,24,toxic-chat,qda,0.8347069335725157,0.7853102779573368,0.04939665561517892
rawpca,24,toxic-chat,power_single,0.8207981694390085,0.7899563671622496,0.030841802276758923
rawpca,24,toxic-chat,power_multi,0.7722138984018265,0.6828943115707822,0.08931958683104435
rawpca,24,wildjailbreak,linear_probe,0.892038828127699,0.8256387921022068,0.06640003602549216
rawpca,24,wildjailbreak,plain_voronoi,0.8471376357100284,0.7865853658536586,0.060552269856369856
rawpca,24,wildjailbreak,lda,0.8924064627775005,0.8021922183507548,0.09021424442674564
rawpca,24,wildjailbreak,qda,0.8639889386970487,0.7650624274099883,0.09892651128706043
rawpca,24,wildjailbreak,power_single,0.8471376357100284,0.7865853658536586,0.060552269856369856
rawpca,24,wildjailbreak,power_multi,0.8279307826737492,0.6497168989547037,0.17821388371904545
rawpca,26,aegis-2.0,linear_probe,0.9128980331262941,0.7669480519480519,0.1459499811782422
rawpca,26,aegis-2.0,plain_voronoi,0.8348902691511387,0.6012987012987013,0.2335915678524374
rawpca,26,aegis-2.0,lda,0.912051242236025,0.7570779220779221,0.15497332015810283
rawpca,26,aegis-2.0,qda,0.8905108695652174,0.7548701298701299,0.1356407396950875
rawpca,26,aegis-2.0,power_single,0.8348902691511387,0.6012987012987013,0.2335915678524374
rawpca,26,aegis-2.0,power_multi,0.8548752587991718,0.7766233766233767,0.07825188217579515
rawpca,26,toxic-chat,linear_probe,0.8516335072841923,0.8752828054298643,-0.02364929814567196
rawpca,26,toxic-chat,plain_voronoi,0.8360189545281582,0.8404977375565611,-0.004478783028402877
rawpca,26,toxic-chat,lda,0.8482456274461839,0.8946751777634131,-0.046429550317229173
rawpca,26,toxic-chat,qda,0.8353647701946075,0.7796541693600517,0.05571060083455581
rawpca,26,toxic-chat,power_single,0.8360189545281582,0.8404977375565611,-0.004478783028402877
rawpca,26,toxic-chat,power_multi,0.8135645996412263,0.6565530058177116,0.1570115938235147
rawpca,26,wildjailbreak,linear_probe,0.8775135020086733,0.8667973286875726,0.010716173321100642
rawpca,26,wildjailbreak,plain_voronoi,0.8595752977470379,0.8406286295005807,0.018946668246457188
rawpca,26,wildjailbreak,lda,0.8780228873987473,0.8528963414634146,0.0251265459353327
rawpca,26,wildjailbreak,qda,0.8596971146343468,0.7848795005807201,0.07481761405362675
rawpca,26,wildjailbreak,power_single,0.8595752977470379,0.8406286295005807,0.018946668246457188
rawpca,26,wildjailbreak,power_multi,0.8494932254681575,0.6622749709639953,0.18721825450416218
rawpca,28,aegis-2.0,linear_probe,0.9062996894409938,0.7463636363636365,0.15993605307735737
rawpca,28,aegis-2.0,plain_voronoi,0.8338607660455487,0.5827272727272728,0.25113349331827595
rawpca,28,aegis-2.0,lda,0.9065403726708074,0.7293506493506493,0.17718972332015814
rawpca,28,aegis-2.0,qda,0.8902463768115941,0.7709090909090909,0.11933728590250325
rawpca,28,aegis-2.0,power_single,0.8338607660455487,0.5827272727272728,0.25113349331827595
rawpca,28,aegis-2.0,power_multi,0.8559472049689442,0.7594155844155843,0.09653162055335984
rawpca,28,toxic-chat,linear_probe,0.8362375822189607,0.8780704589528119,-0.041832876733851165
rawpca,28,toxic-chat,plain_voronoi,0.8239658927212437,0.8304379444085327,-0.006472051687289038
rawpca,28,toxic-chat,lda,0.8345638148238747,0.8831205559146735,-0.04855674109079888
rawpca,28,toxic-chat,qda,0.8397939769515113,0.7956932773109244,0.04410069964058683
rawpca,28,toxic-chat,power_single,0.8239658927212437,0.8304379444085327,-0.006472051687289038
rawpca,28,toxic-chat,power_multi,0.8341388752989779,0.6954993535875889,0.13863952171138905
rawpca,28,wildjailbreak,linear_probe,0.8787614426073798,0.7985264227642277,0.08023501984315207
rawpca,28,wildjailbreak,plain_voronoi,0.8625866298644855,0.7938443670150988,0.06874226284938678
rawpca,28,wildjailbreak,lda,0.8792776678503881,0.7928644018583043,0.08641326599208377
rawpca,28,wildjailbreak,qda,0.858402823856613,0.7872749709639953,0.0711278528926177
rawpca,28,wildjailbreak,power_single,0.8625866298644855,0.7938443670150988,0.06874226284938678
rawpca,28,wildjailbreak,power_multi,0.8292577935607301,0.601517131242741,0.22774066231798917
rawpca,30,aegis-2.0,linear_probe,0.9041180124223602,0.7296753246753247,0.17444268774703553
rawpca,30,aegis-2.0,plain_voronoi,0.8682199792960661,0.6407142857142858,0.2275056935817803
rawpca,30,aegis-2.0,lda,0.9033017598343684,0.7057142857142856,0.19758747412008282
rawpca,30,aegis-2.0,qda,0.8878333333333334,0.7553896103896105,0.13244372294372286
rawpca,30,aegis-2.0,power_single,0.8682199792960661,0.6407142857142858,0.2275056935817803
rawpca,30,aegis-2.0,power_multi,0.8434642857142857,0.769935064935065,0.07352922077922064
rawpca,30,toxic-chat,linear_probe,0.8251302083333334,0.8615465416936005,-0.03641633336026706
rawpca,30,toxic-chat,plain_voronoi,0.8055455329963035,0.793956043956044,0.01158948904025947
rawpca,30,toxic-chat,lda,0.8238311827299413,0.8685762766645119,-0.0447450939345706
rawpca,30,toxic-chat,qda,0.8340087519025875,0.7797753716871364,0.0542333802154511
rawpca,30,toxic-chat,power_single,0.8055455329963035,0.793956043956044,0.01158948904025947
rawpca,30,toxic-chat,power_multi,0.7938969409110677,0.7783209437621202,0.015575997148947418
rawpca,30,wildjailbreak,linear_probe,0.867612402906848,0.7895978513356561,0.07801455157119197
rawpca,30,wildjailbreak,plain_voronoi,0.8334758782510148,0.7300740418118467,0.10340183643916812
rawpca,30,wildjailbreak,lda,0.8681428538526935,0.7909770615563299,0.07716579229636367
rawpca,30,wildjailbreak,qda,0.852555623192998,0.7725029036004645,0.08005271959253357
rawpca,30,wildjailbreak,power_single,0.8334758782510148,0.7300740418118467,0.10340183643916812
rawpca,30,wildjailbreak,power_multi,0.8071835828440207,0.5972706155632984,0.20991296728072228
rawpca,32,aegis-2.0,linear_probe,0.9021149068322982,0.7308441558441559,0.17127075098814237
rawpca,32,aegis-2.0,plain_voronoi,0.8819932712215321,0.6881168831168831,0.19387638810464902
rawpca,32,aegis-2.0,lda,0.9004399585921325,0.6958441558441558,0.20459580274797673
rawpca,32,aegis-2.0,qda,0.8730538302277433,0.7509090909090909,0.12214473931865244
rawpca,32,aegis-2.0,power_single,0.8819932712215321,0.6881168831168831,0.19387638810464902
rawpca,32,aegis-2.0,power_multi,0.8571221532091098,0.7905844155844157,0.06653773762469406
rawpca,32,toxic-chat,linear_probe,0.8187457531528594,0.8638089851325145,-0.045063231979655116
rawpca,32,toxic-chat,plain_voronoi,0.7871388481191562,0.817469295410472,-0.030330447291315732
rawpca,32,toxic-chat,lda,0.8187776894433572,0.873868778280543,-0.05509108883718583
rawpca,32,toxic-chat,qda,0.8225961995814307,0.7773109243697479,0.045285275211682796
rawpca,32,toxic-chat,power_single,0.7871388481191562,0.817469295410472,-0.030330447291315732
rawpca,32,toxic-chat,power_multi,0.7863263413242009,0.7482627666451196,0.03806357467908128
rawpca,32,wildjailbreak,linear_probe,0.8668999463533161,0.8044425087108015,0.06245743764251466
rawpca,32,wildjailbreak,plain_voronoi,0.8265514652771738,0.6847052845528456,0.1418461807243282
rawpca,32,wildjailbreak,lda,0.8662886481472437,0.7989982578397212,0.06729039030752249
rawpca,32,wildjailbreak,qda,0.8468182076289477,0.7436120789779327,0.10320612865101497
rawpca,32,wildjailbreak,power_single,0.8265514652771738,0.6847052845528456,0.1418461807243282
rawpca,32,wildjailbreak,power_multi,0.8172296590318423,0.6377758420441347,0.17945381698770757
rawpca,34,aegis-2.0,linear_probe,0.8853804347826086,0.7416883116883117,0.1436921230942969
rawpca,34,aegis-2.0,plain_voronoi,0.8705548654244307,0.7082467532467532,0.1623081121776775
rawpca,34,aegis-2.0,lda,0.8811252587991719,0.7164285714285714,0.1646966873706005
rawpca,34,aegis-2.0,qda,0.8657313664596273,0.7961688311688311,0.06956253529079626
rawpca,34,aegis-2.0,power_single,0.8705548654244307,0.7082467532467532,0.1623081121776775
rawpca,34,aegis-2.0,power_multi,0.816018115942029,0.7948701298701297,0.021147986071899272
rawpca,34,toxic-chat,linear_probe,0.8117319152261361,0.8722527472527473,-0.06052083202661118
rawpca,34,toxic-chat,plain_voronoi,0.785018991900413,0.8267614738202973,-0.04174248191988428
rawpca,34,toxic-chat,lda,0.8140191821591651,0.8763736263736265,-0.062354444214461346
rawpca,34,toxic-chat,qda,0.8243379165307676,0.7885827407886232,0.035755175742144374
rawpca,34,toxic-chat,power_single,0.785018991900413,0.8267614738202973,-0.04174248191988428
rawpca,34,toxic-chat,power_multi,0.7688165056262231,0.7689075630252101,-9.10573989870711e-05
rawpca,34,wildjailbreak,linear_probe,0.8599203876856439,0.7951872822299652,0.06473310545567879
rawpca,34,wildjailbreak,plain_voronoi,0.8298611698471486,0.6859756097560976,0.14388556009105102
rawpca,34,wildjailbreak,lda,0.8607388470688301,0.7812137049941927,0.07952514207463734
rawpca,34,wildjailbreak,qda,0.8524315429000738,0.75,0.10243154290007384
rawpca,34,wildjailbreak,power_single,0.8298611698471486,0.6859756097560976,0.14388556009105102
rawpca,34,wildjailbreak,power_multi,0.8154945600832934,0.6515316492450639,0.16396291083822945
rawpca,36,aegis-2.0,linear_probe,0.8746278467908903,0.750909090909091,0.12371875588179937
rawpca,36,aegis-2.0,plain_voronoi,0.8414466873706005,0.6312337662337663,0.2102129211368342
rawpca,36,aegis-2.0,lda,0.8695590062111801,0.7261688311688312,0.14339017504234886
rawpca,36,aegis-2.0,qda,0.8566568322981366,0.7751298701298702,0.08152696216826638
rawpca,36,aegis-2.0,power_single,0.8414466873706005,0.6312337662337663,0.2102129211368342
rawpca,36,aegis-2.0,power_multi,0.8270258799171841,0.7664285714285715,0.06059730848861267
rawpca,36,toxic-chat,linear_probe,0.8031244903783431,0.870838720103426,-0.0677142297250829
rawpca,36,toxic-chat,plain_voronoi,0.7875338898401827,0.7488283775048481,0.03870551233533459
rawpca,36,toxic-chat,lda,0.8036661332626659,0.87120232708468,-0.06753619382201415
rawpca,36,toxic-chat,qda,0.8079039770874104,0.776139301874596,0.03176467521281434
rawpca,36,toxic-chat,power_single,0.7875338898401827,0.7488283775048481,0.03870551233533459
rawpca,36,toxic-chat,power_multi,0.7631005891226355,0.7513332255979315,0.011767363524703978
rawpca,36,wildjailbreak,linear_probe,0.8624432907693953,0.7838995354239257,0.07854375534546965
rawpca,36,wildjailbreak,plain_voronoi,0.8311297888401397,0.6972270615563297,0.13390272728380992
rawpca,36,wildjailbreak,lda,0.8598716549743898,0.7771123693379791,0.08275928563641066
rawpca,36,wildjailbreak,qda,0.8549058820352702,0.7506896051103368,0.1042162769249334
rawpca,36,wildjailbreak,power_single,0.8311297888401397,0.6972270615563297,0.13390272728380992
rawpca,36,wildjailbreak,power_multi,0.8147510611202906,0.6673925667828107,0.14735849433747994
